photo.code,str.code,lado,site,origin,nursery,frag.date,date,month,year,gira,area.cm2,num.frag,mort.,mort.parc,perd,blanq,notas,digitador
DSCN8484,91,1,Playa Pelonas,,arana,,,11,2021,nov-22,67.308,5,0,0,0,0,,Tania
DSCN8485 ,91,2,Playa Pelonas,,arana,,,11,2021,nov-22,72.319,8,0,0,0,1,coral de arriba medio se ve blanqueado,Tania
DSCN8486,91,3,Playa Pelonas,,arana,,,11,2021,nov-22,97.510,6,0,0,0,0,,Tania
DSCN8487,91,4,Playa Pelonas,,arana,,,11,2021,nov-22,55.723,6,0,0,0,0,,Tania
DSCN8488,91,5,Playa Pelonas,,arana,,,11,2021,nov-22,62.249,6,0,0,0,0,,Tania
DSCN8489,91,6,Playa Pelonas,,arana,,,11,2021,nov-22,36.857,4,0,0,0,0,,Tania
DSCN8490,91,7,Playa Pelonas,,arana,,,11,2021,nov-22,29.895,3,0,0,0,0,,Tania
DSCN8492,92,1,Playa Pelonas,,arana,,,11,2021,nov-22,234.022,9,0,0,0,0,,Tania
DSCN8493,92,2,Playa Pelonas,,arana,,,11,2021,nov-22,120.746,5,0,0,0,1,Coral medio centro se ve un poco blanqueado,Tania
DSCN8494,92,3,Playa Pelonas,,arana,,,11,2021,nov-22,66.655,4,0,0,0,0,Coral del medio de la barra de abajo esta volcado asi que se mide en la foto 8497 para tener mejor visión,Tania
DSCN8495,92,4,Playa Pelonas,,arana,,,11,2021,nov-22,43.374,3,0,0,0,1,"Coral medio abajo blaqueado, el coral del medio de la barra media estaba volteado asi que se mide en la foto 8492 y el coral arriba izquierdo en foto 8498",Tania
DSCN8496,92,5,Playa Pelonas,,arana,,,11,2021,nov-22,107.801,5,0,0,0,0,,Tania
DSCN8497,92,6,Playa Pelonas,,arana,,,11,2021,nov-22,27.142,3,0,0,0,0,,Tania
DSCN8498,92,7,Playa Pelonas,,arana,,,11,2021,nov-22,25.226,1,0,0,0,0,,Tania
DSCN8476,93,1,Playa Pelonas,,arana,,,11,2021,nov-22,79.572,8,0,0,0,0,,Tania
DSCN8477,93,2,Playa Pelonas,,arana,,,11,2021,nov-22,51.377,5,0,0,0,0,,Tania
DSCN8478,93,3,Playa Pelonas,,arana,,,11,2021,nov-22,43.871,5,0,2,0,1,Coral del medio lado izquierdo se ve blanqueado y con mort. par pero no estoy segura,Tania
DSCN8479,93,4,Playa Pelonas,,arana,,,11,2021,nov-22,79.017,5,0,0,0,0,,Tania
DSCN8480,93,5,Playa Pelonas,,arana,,,11,2021,nov-22,100.959,5,0,0,1,1,"Coral medio. barra media, se ve parcialmente blanqueado",Tania
DSCN8481,93,6,Playa Pelonas,,arana,,,11,2021,nov-22,32.490,2,0,0,0,0,,Tania
DSCN8482,93,7,Playa Pelonas,,arana,,,11,2021,nov-22,NA,NA,NA,NA,NA,NA,NA,Tania
DSCN8500,94,1,Playa Pelonas,,arana,,,11,2021,nov-22,84.599,7,0,0,0,1,Coral arriba derecho parcialmente blanqueado,Tania
DSCN8501,94,2,Playa Pelonas,,arana,,,11,2021,nov-22,54.482,5,0,0,0,0,,Tania
DSCN8502,94,3,Playa Pelonas,,arana,,,11,2021,nov-22,65.052,5,0,0,0,0,,Tania
DSCN8503,94,4,Playa Pelonas,,arana,,,11,2021,nov-22,69.288,5,0,1,0,0,,Tania
DSCN8504,94,5,Playa Pelonas,,arana,,,11,2021,nov-22,69.611,5,0,0,0,0,,Tania
DSCN8505,94,6,Playa Pelonas,,arana,,,11,2021,nov-22,72.342,5,0,0,0,0,,Tania
DSCN8506,94,7,Playa Pelonas,,arana,,,11,2021,nov-22,8.320,1,0,0,0,0,,Tania
DSCN9229,91,1,Playa Pelonas,,arana,,,12,2021,dic-22,63.988,5,0,0,0,0,,Tania
DSCN9230,91,2,Playa Pelonas,,arana,,,12,2021,dic-22,40.913,5,0,0,0,0,,Tania
DSCN9231,91,3,Playa Pelonas,,arana,,,12,2021,dic-22,147.738,7,0,0,0,0,,Tania
DSCN9232,91,4,Playa Pelonas,,arana,,,12,2021,dic-22,56.051,6,0,0,0,0,,Tania
DSCN9233,91,5,Playa Pelonas,,arana,,,12,2021,dic-22,79.477,7,0,0,0,0,,Tania
DSCN9234,91,6,Playa Pelonas,,arana,,,12,2021,dic-22,46.044,4,0,0,0,0,,Tania
DSCN9235,91,7,Playa Pelonas,,arana,,,12,2021,dic-22,120.972,14,0,0,0,0,,Tania
GOPR0322,92,1,Playa Pelonas,,arana,,,12,2021,dic-22,223.736,10,0,0,0,0,,Tania
GOPR0323,92,2,Playa Pelonas,,arana,,,12,2021,dic-22,143.727,8,0,0,0,0,Coral extremo arriba se mide con dos mediciones,Tania
GOPR0324,92,3,Playa Pelonas,,arana,,,12,2021,dic-22,173.795,10,0,0,0,0,,Tania
GOPR0325,92,4,Playa Pelonas,,arana,,,12,2021,dic-22,166.588,9,0,0,0,0,,Tania
GOPR0326,92,5,Playa Pelonas,,arana,,,12,2021,dic-22,182.405,8,0,0,0,0,,Tania
GOPR0327,92,6,Playa Pelonas,,arana,,,12,2021,dic-22,31.050,2,0,0,0,0,La foto esta muy borrosa asi que se midieron los corales del medio de esta en la imagen GOPR0323,Tania
GOPR0328,92,7,Playa Pelonas,,arana,,,12,2021,dic-22,222.153,12,1,0,0,0,,Tania
DSCN9219,93,1,Playa Pelonas,,arana,,,12,2021,dic-22,75.607,7,0,1,0,0,,Tania
DSCN9220,93,2,Playa Pelonas,,arana,,,12,2021,dic-22,74.118,8,0,0,0,0,,Tania
DSCN9221,93,3,Playa Pelonas,,arana,,,12,2021,dic-22,66.408,7,0,0,0,1,,Tania
DSCN9224,93,4,Playa Pelonas,,arana,,,12,2021,dic-22,143.907,7,0,0,0,0,,Tania
DSCN9225,93,5,Playa Pelonas,,arana,,,12,2021,dic-22,69.013,4,1,0,0,0,,Tania
DSCN9226,93,6,Playa Pelonas,,arana,,,12,2021,dic-22,49.944,3,0,0,0,0,,Tania
DSCN9227,93,7,Playa Pelonas,,arana,,,12,2021,dic-22,127.397,12,0,0,0,0,,Tania
DSCN9754,91,1,Playa Pelonas,,arana,,,2,2022,feb-23,39.320,3,0,0,0,0,,Tania
DSCN9756,91,2,Playa Pelonas,,arana,,,2,2022,feb-23,35.594,3,0,0,0,0,,Tania
DSCN9757,91,3,Playa Pelonas,,arana,,,2,2022,feb-23,56.152,3,0,0,0,0,,Tania
DSCN9758,91,4,Playa Pelonas,,arana,,,2,2022,feb-23,71.428,4,0,0,0,0,,Tania
DSCN9759,91,5,Playa Pelonas,,arana,,,2,2022,feb-23,57.858,3,0,0,0,0,,Tania
DSCN9760,91,6,Playa Pelonas,,arana,,,2,2022,feb-23,22.441,2,0,0,0,0,,Tania
DSCN9761,91,7,Playa Pelonas,,arana,,,2,2022,feb-23,367.398,14,0,0,0,0,,Tania
DSCN9746,92,1,Playa Pelonas,,arana,,,2,2022,feb-23,161.664,5,0,0,0,0,,Tania
DSCN9747,92,2,Playa Pelonas,,arana,,,2,2022,feb-23,151.198,6,0,0,0,0,,Tania
DSCN9748,92,3,Playa Pelonas,,arana,,,2,2022,feb-23,228.856,4,0,0,0,0,,Tania
DSCN9749,92,4,Playa Pelonas,,arana,,,2,2022,feb-23,170.287,5,0,0,0,0,,Tania
DSCN9750,92,5,Playa Pelonas,,arana,,,2,2022,feb-23,273.227,9,0,0,0,0,,Tania
DSCN9751,92,6,Playa Pelonas,,arana,,,2,2022,feb-23,151.874,7,0,0,0,0,,Tania
DSCN9752,92,7,Playa Pelonas,,arana,,,2,2022,feb-23,390.508,17,0,0,0,0,,Tania
DSCN9763,93,1,Playa Pelonas,,arana,,,2,2022,feb-23,78.956,5,0,0,0,0,,Tania
DSCN9764,93,2,Playa Pelonas,,arana,,,2,2022,feb-23,87.573,3,0,0,1,0,,Tania
DSCN9765,93,3,Playa Pelonas,,arana,,,2,2022,feb-23,141.754,4,0,0,0,0,,Tania
DSCN9766,93,4,Playa Pelonas,,arana,,,2,2022,feb-23,112.670,4,0,0,0,0,,Tania
DSCN9767,93,5,Playa Pelonas,,arana,,,2,2022,feb-23,65.672,3,0,0,1,0,,Tania
DSCN9768,93,6,Playa Pelonas,,arana,,,2,2022,feb-23,112.417,5,0,0,1,0,,Tania
DSCN9769,93,7,Playa Pelonas,,arana,,,2,2022,feb-23,318.799,17,0,0,0,0,,Tania
DSCN9772,94,1,Playa Pelonas,,arana,,,2,2022,feb-23,42.066,2,0,0,0,0,,Tania
DSCN9773,94,2,Playa Pelonas,,arana,,,2,2022,feb-23,106.320,5,0,0,0,0,,Tania
DSCN9774,94,3,Playa Pelonas,,arana,,,2,2022,feb-23,46.130,2,0,0,0,0,,Tania
DSCN9775,94,4,Playa Pelonas,,arana,,,2,2022,feb-23,50.786,3,0,0,0,0,,Tania
DSCN9776,94,5,Playa Pelonas,,arana,,,2,2022,feb-23,25.090,3,0,0,0,0,,Tania
DSCN9777,94,6,Playa Pelonas,,arana,,,2,2022,feb-23,23.080,2,0,0,0,0,,Tania
DSCN9778,94,7,Playa Pelonas,,arana,,,2,2022,feb-23,169.365,6,0,0,1,0,,Tania
DSCN8394,91,1,Playa Pelonas,,arana,,,3,2022,mar-22,48.302,3,0,0,1,0,,Tania
DSCN8395,91,2,Playa Pelonas,,arana,,,3,2022,mar-22,35.812,3,0,0,0,0,,Tania
DSCN8396,91,3,Playa Pelonas,,arana,,,3,2022,mar-22,72.851,4,0,0,0,1,,Tania
DSCN8397,91,4,Playa Pelonas,,arana,,,3,2022,mar-22,52.628,4,0,0,0,0,Repetido con DSCN8420,Tania
DSCN8398,91,5,Playa Pelonas,,arana,,,3,2022,mar-22,34.428,4,0,0,0,0,,Tania
DSCN8399,91,6,Playa Pelonas,,arana,,,3,2022,mar-22,14.942,2,0,0,1,0,,Tania
DSCN8400,91,7,Playa Pelonas,,arana,,,3,2022,mar-22,278.436,12,0,0,1,0,,Tania
DSCN8416,92,1,Playa Pelonas,,arana,,,3,2022,mar-22,129.583,9,0,0,0,0,,Tania
DSCN8417,92,2,Playa Pelonas,,arana,,,3,2022,mar-22,101.465,6,0,0,0,0,,Tania
DSCN8418,92,3,Playa Pelonas,,arana,,,3,2022,mar-22,137.331,9,0,0,0,0,,Tania
DSCN8419,92,4,Playa Pelonas,,arana,,,3,2022,mar-22,93.176,6,0,0,0,0,,Tania
DSCN8421,92,5,Playa Pelonas,,arana,,,3,2022,mar-22,109.389,7,0,0,0,0,,Tania
DSCN8422,92,6,Playa Pelonas,,arana,,,3,2022,mar-22,119.696,9,0,0,0,0,,Tania
DSCN8423,92,7,Playa Pelonas,,arana,,,3,2022,mar-22,318.697,11,0,0,0,0,,Tania
DSCN8386,93,1,Playa Pelonas,,arana,,,3,2022,mar-22,57.346,6,0,0,0,0,,Tania
DSCN8387,93,2,Playa Pelonas,,arana,,,3,2022,mar-22,59.303,4,0,0,0,0,,Tania
DSCN8388,93,3,Playa Pelonas,,arana,,,3,2022,mar-22,43.969,4,0,0,0,0,,Tania
DSCN8389,93,4,Playa Pelonas,,arana,,,3,2022,mar-22,36.123,3,0,0,0,0,,Tania
DSCN8390,93,5,Playa Pelonas,,arana,,,3,2022,mar-22,49.074,3,0,0,0,0,,Tania
DSCN8391,93,6,Playa Pelonas,,arana,,,3,2022,mar-22,47.149,3,0,0,0,0,,Tania
DSCN8392,93,7,Playa Pelonas,,arana,,,3,2022,mar-22,157.442,14,0,0,0,0,,Tania
DSCN8425,94,1,Playa Pelonas,,arana,,,3,2022,mar-22,19.656,2,0,0,0,0,,Tania
DSCN8426,94,2,Playa Pelonas,,arana,,,3,2022,mar-22,31.583,5,0,0,0,0,,Tania
DSCN8427,94,3,Playa Pelonas,,arana,,,3,2022,mar-22,38.214,4,0,0,1,0,,Tania
DSCN8428,94,4,Playa Pelonas,,arana,,,3,2022,mar-22,31.769,3,0,0,0,0,,Tania
DSCN8429,94,5,Playa Pelonas,,arana,,,3,2022,mar-22,34.650,3,0,0,0,0,,Tania
DSCN8430,94,6,Playa Pelonas,,arana,,,3,2022,mar-22,35.342,3,0,0,0,0,,Tania
DSCN8431,94,7,Playa Pelonas,,arana,,,3,2022,mar-22,110.602,5,0,0,0,0,,Tania
DSCN9171,91,1,Playa Pelonas,,arana,,,4,2022,abr-22,39.017,3,1,0,0,0,,Tania
DSCN9172,91,2,Playa Pelonas,,arana,,,4,2022,abr-22,20.638,2,0,0,0,0,,Tania
DSCN9173,91,3,Playa Pelonas,,arana,,,4,2022,abr-22,30.872,3,0,0,0,0,,Tania
DSCN9174,91,4,Playa Pelonas,,arana,,,4,2022,abr-22,63.968,5,0,0,0,0,,Tania
DSCN9175,91,5,Playa Pelonas,,arana,,,4,2022,abr-22,19.704,2,0,0,0,0,,Tania
DSCN9176,91,6,Playa Pelonas,,arana,,,4,2022,abr-22,13.064,2,0,0,0,0,,Tania
DSCN9177,91,7,Playa Pelonas,,arana,,,4,2022,abr-22,311.669,9,0,0,0,0,,Tania
DSCN9152,92,1,Playa Pelonas,,arana,,,4,2022,abr-22,111.586,6,0,0,0,0,,Tania
DSCN9153,92,2,Playa Pelonas,,arana,,,4,2022,abr-22,128.853,10,0,0,0,0,,Tania
DSCN9154,92,3,Playa Pelonas,,arana,,,4,2022,abr-22,103.487,5,0,1,0,0,,Tania
DSCN9155,92,4,Playa Pelonas,,arana,,,4,2022,abr-22,115.394,6,0,0,0,0,,Tania
DSCN9156,92,5,Playa Pelonas,,arana,,,4,2022,abr-22,152.233,9,0,0,0,0,,Tania
DSCN9157,92,6,Playa Pelonas,,arana,,,4,2022,abr-22,60.048,4,0,0,0,0,,Tania
DSCN9158,92,7,Playa Pelonas,,arana,,,4,2022,abr-22,527.757,16,0,1,0,0,,Tania
DSCN9179,93,1,Playa Pelonas,,arana,,,4,2022,abr-22,44.922,4,0,0,0,0,,Tania
DSCN9180,93,2,Playa Pelonas,,arana,,,4,2022,abr-22,71.417,3,0,0,0,0,,Tania
DSCN9181,93,3,Playa Pelonas,,arana,,,4,2022,abr-22,80.848,4,0,0,0,0,,Tania
DSCN9182,93,4,Playa Pelonas,,arana,,,4,2022,abr-22,80.579,5,0,0,1,0,,Tania
DSCN9183,93,5,Playa Pelonas,,arana,,,4,2022,abr-22,60.731,5,0,0,0,0,,Tania
DSCN9184,93,6,Playa Pelonas,,arana,,,4,2022,abr-22,27.304,3,0,0,0,0,,Tania
DSCN9185,93,7,Playa Pelonas,,arana,,,4,2022,abr-22,333.331,18,0,0,0,0,,Tania
DSCN9160,94,1,Playa Pelonas,,arana,,,4,2022,abr-22,33.518,2,0,0,0,0,,Tania
DSCN9161,94,2,Playa Pelonas,,arana,,,4,2022,abr-22,18.996,2,0,0,0,0,,Tania
DSCN9162,94,3,Playa Pelonas,,arana,,,4,2022,abr-22,38.289,3,0,0,0,0,,Tania
DSCN9163,94,4,Playa Pelonas,,arana,,,4,2022,abr-22,42.526,3,0,0,0,0,,Tania
DSCN9164,94,5,Playa Pelonas,,arana,,,4,2022,abr-22,43.252,4,0,0,0,0,,Tania
DSCN9165,94,6,Playa Pelonas,,arana,,,4,2022,abr-22,19.359,3,0,0,0,0,,Tania
DSCN9166,94,7,Playa Pelonas,,arana,,,4,2022,abr-22,77.967,3,0,0,0,0,,Tania
DSCN9822,91,1,Playa Pelonas,,arana,,,5,2022,may-22,30.224,3,0,0,2,0,,Tania
DSCN9823,91,2,Playa Pelonas,,arana,,,5,2022,may-22,26.763,5,0,0,0,0,,Tania
DSCN9824,91,3,Playa Pelonas,,arana,,,5,2022,may-22,20.923,2,0,0,0,0,,Tania
DSCN9825,91,4,Playa Pelonas,,arana,,,5,2022,may-22,50.283,4,0,0,1,0,,Tania
DSCN9826,91,5,Playa Pelonas,,arana,,,5,2022,may-22,32.307,3,0,0,0,0,,Tania
DSCN9827,91,6,Playa Pelonas,,arana,,,5,2022,may-22,24.477,2,1,0,0,0,,Tania
DSCN9828,91,7,Playa Pelonas,,arana,,,5,2022,may-22,319.056,10,0,1,1,0,,Tania
DSCN9772,92,1,Playa Pelonas,,arana,,,5,2022,may-22,160.656,8,0,0,0,0,,Tania
DSCN9773,92,2,Playa Pelonas,,arana,,,5,2022,may-22,121.522,8,0,0,0,0,,Tania
DSCN9774,92,3,Playa Pelonas,,arana,,,5,2022,may-22,121.436,7,0,0,0,0,,Tania
DSCN9775,92,4,Playa Pelonas,,arana,,,5,2022,may-22,106.919,6,0,0,0,0,,Tania
DSCN9776,92,5,Playa Pelonas,,arana,,,5,2022,may-22,106.517,6,0,0,0,0,,Tania
DSCN9777,92,6,Playa Pelonas,,arana,,,5,2022,may-22,104.801,6,0,0,0,0,,Tania
DSCN9778,92,7,Playa Pelonas,,arana,,,5,2022,may-22,498.138,14,0,0,0,0,,Tania
DSCN9830,93,1,Playa Pelonas,,arana,,,5,2022,may-22,70.630,6,0,0,0,0,,Tania
DSCN9831,93,2,Playa Pelonas,,arana,,,5,2022,may-22,61.460,6,0,0,0,0,,Tania
DSCN9832,93,3,Playa Pelonas,,arana,,,5,2022,may-22,43.083,3,0,0,0,0,,Tania
DSCN9833,93,4,Playa Pelonas,,arana,,,5,2022,may-22,83.464,5,0,0,1,0,,Tania
DSCN9834,93,5,Playa Pelonas,,arana,,,5,2022,may-22,52.839,3,0,0,0,0,,Tania
DSCN9835,93,6,Playa Pelonas,,arana,,,5,2022,may-22,47.123,3,0,0,0,0,,Tania
DSCN9836,93,7,Playa Pelonas,,arana,,,5,2022,may-22,377.216,16,0,0,0,0,,Tania
DSCN9780,94,1,Playa Pelonas,,arana,,,5,2022,may-22,44.238,2,0,0,0,0,,Tania
DSCN9781,94,2,Playa Pelonas,,arana,,,5,2022,may-22,33.884,4,0,0,0,0,,Tania
DSCN9782,94,3,Playa Pelonas,,arana,,,5,2022,may-22,38.021,3,0,0,0,0,,Tania
DSCN9783,94,4,Playa Pelonas,,arana,,,5,2022,may-22,28.845,3,0,0,0,0,,Tania
DSCN9784,94,5,Playa Pelonas,,arana,,,5,2022,may-22,38.437,3,0,0,0,0,,Tania
DSCN9785,94,6,Playa Pelonas,,arana,,,5,2022,may-22,5.755,1,0,0,0,0,,Tania
DSCN9786,94,7,Playa Pelonas,,arana,,,5,2022,may-22,35.543,1,0,0,0,0,,Tania
DSCN0486,91,1,Playa Pelonas,,arana,,,6,2022,jun-22,43.710,3,0,0,3,0,,Tania
DSCN0487,91,2,Playa Pelonas,,arana,,,6,2022,jun-22,14.995,2,1,0,2,0,,Tania
DSCN0488,91,3,Playa Pelonas,,arana,,,6,2022,jun-22,39.024,3,0,0,0,0,,Tania
DSCN0489,91,4,Playa Pelonas,,arana,,,6,2022,jun-22,48.040,3,0,0,0,0,,Tania
DSCN0490,91,5,Playa Pelonas,,arana,,,6,2022,jun-22,19.694,1,0,0,0,0,,Tania
DSCN0491,91,6,Playa Pelonas,,arana,,,6,2022,jun-22,70.682,7,0,0,0,0,,Tania
DSCN0492,91,7,Playa Pelonas,,arana,,,6,2022,jun-22,461.159,9,0,0,0,0,,Tania
DSCN0461,92,1,Playa Pelonas,,arana,,,6,2022,jun-22,158.792,7,0,0,0,0,,Tania
DSCN0462,92,2,Playa Pelonas,,arana,,,6,2022,jun-22,154.561,6,0,0,0,0,,Tania
DSCN0463,92,3,Playa Pelonas,,arana,,,6,2022,jun-22,121.134,5,0,0,0,0,,Tania
DSCN0464,92,4,Playa Pelonas,,arana,,,6,2022,jun-22,120.916,6,0,0,0,0,,Tania
DSCN0465,92,5,Playa Pelonas,,arana,,,6,2022,jun-22,129.725,6,0,0,0,0,,Tania
DSCN0466,92,6,Playa Pelonas,,arana,,,6,2022,jun-22,100.947,5,0,0,0,0,,Tania
DSCN0467,92,7,Playa Pelonas,,arana,,,6,2022,jun-22,833.328,18,0,0,0,0,,Tania
DSCN0478,93,1,Playa Pelonas,,arana,,,6,2022,jun-22,46.858,4,0,0,1,0,,Tania
DSCN0479,93,2,Playa Pelonas,,arana,,,6,2022,jun-22,60.945,3,0,0,0,0,,Tania
DSCN0480,93,3,Playa Pelonas,,arana,,,6,2022,jun-22,64.820,3,0,0,0,0,,Tania
DSCN0481,93,4,Playa Pelonas,,arana,,,6,2022,jun-22,74.129,5,1,0,0,0,,Tania
DSCN0482,93,5,Playa Pelonas,,arana,,,6,2022,jun-22,43.770,4,0,0,0,0,,Tania
DSCN0483,93,6,Playa Pelonas,,arana,,,6,2022,jun-22,58.965,5,0,0,0,0,,Tania
DSCN0484,93,7,Playa Pelonas,,arana,,,6,2022,jun-22,311.711,14,0,0,0,0,,Tania
DSCN0469,94,1,Playa Pelonas,,arana,,,6,2022,jun-22,46.423,3,0,0,0,0,,Tania
DSCN0470,94,2,Playa Pelonas,,arana,,,6,2022,jun-22,18.635,2,0,0,0,0,,Tania
DSCN0471,94,3,Playa Pelonas,,arana,,,6,2022,jun-22,37.419,3,0,0,0,0,,Tania
DSCN0472,94,4,Playa Pelonas,,arana,,,6,2022,jun-22,26.387,3,1,0,1,0,,Tania
DSCN0473,94,5,Playa Pelonas,,arana,,,6,2022,jun-22,42.924,3,0,1,0,0,,Tania
DSCN0474,94,6,Playa Pelonas,,arana,,,6,2022,jun-22,14.825,2,0,1,0,0,,Tania
DSCN0475,94,7,Playa Pelonas,,arana,,,6,2022,jun-22,34.068,1,0,0,0,0,tiene foto repetida con la DSCN0476,Tania
DSCN0869,91,1,Playa Pelonas,,arana,,,7,2022,jul-22,47.802,3,0,0,1,0,,Tania
DSCN0870,91,2,Playa Pelonas,,arana,,,7,2022,jul-22,22.437,2,0,0,1,0,,Tania
DSCN0871,91,3,Playa Pelonas,,arana,,,7,2022,jul-22,42.599,3,0,0,0,0,,Tania
DSCN0872,91,4,Playa Pelonas,,arana,,,7,2022,jul-22,44.287,2,0,0,1,0,,Tania
DSCN0873,91,5,Playa Pelonas,,arana,,,7,2022,jul-22,26.480,1,0,0,0,0,,Tania
DSCN0877,91,6,Playa Pelonas,,arana,,,7,2022,jul-22,23.744,5,0,3,0,0,,Tania
DSCN0878,91,7,Playa Pelonas,,arana,,,7,2022,jul-22,635.698,12,0,1,0,0,,Tania
DSCN0906,92,1,Playa Pelonas,,arana,,,7,2022,jul-22,169.849,8,0,0,0,0,,Tania
DSCN0907,92,2,Playa Pelonas,,arana,,,7,2022,jul-22,174.205,5,0,0,0,0,Pez en la foto,Tania
DSCN0908,92,3,Playa Pelonas,,arana,,,7,2022,jul-22,150.170,5,0,0,0,0,,Tania
DSCN0909,92,4,Playa Pelonas,,arana,,,7,2022,jul-22,89.177,4,0,0,0,0,Foto borrosa,Tania
DSCN0910,92,5,Playa Pelonas,,arana,,,7,2022,jul-22,121.878,7,0,1,0,0,"Foto muy lejos, pez en la foto",Tania
DSCN0911,92,6,Playa Pelonas,,arana,,,7,2022,jul-22,77.959,6,0,1,0,0,Foto muy lejos,Tania
DSCN0912,92,7,Playa Pelonas,,arana,,,7,2022,jul-22,910.272,15,0,0,0,0,,Tania
DSCN0880,93,1,Playa Pelonas,,arana,,,7,2022,jul-22,74.400,7,0,0,1,0,,Tania
DSCN0881,93,2,Playa Pelonas,,arana,,,7,2022,jul-22,86.795,3,1,0,0,0,,Tania
DSCN0882,93,3,Playa Pelonas,,arana,,,7,2022,jul-22,97.749,4,0,0,0,0,,Tania
DSCN0883,93,4,Playa Pelonas,,arana,,,7,2022,jul-22,43.172,4,0,0,0,0,,Tania
DSCN0884,93,5,Playa Pelonas,,arana,,,7,2022,jul-22,100.380,4,0,0,1,0,,Tania
DSCN0885,93,6,Playa Pelonas,,arana,,,7,2022,jul-22,77.731,4,1,0,0,0,,Tania
DSCN0886,93,7,Playa Pelonas,,arana,,,7,2022,jul-22,557.178,15,1,0,0,0,,Tania
DSCN0914,94,1,Playa Pelonas,,arana,,,7,2022,jul-22,43.202,3,0,0,0,0,Es la misma que la DSCN0920,Tania
DSCN0915,94,2,Playa Pelonas,,arana,,,7,2022,jul-22,44.276,3,0,0,0,0,"Revisar crecimiento abajo, no sé que es",Tania
DSCN0916,94,3,Playa Pelonas,,arana,,,7,2022,jul-22,60.875,2,0,0,0,0,,Tania
DSCN0917,94,4,Playa Pelonas,,arana,,,7,2022,jul-22,38.974,3,1,0,0,0,Imagen confusa,Tania
DSCN0918,94,5,Playa Pelonas,,arana,,,7,2022,jul-22,59.543,3,0,0,0,0,,Tania
DSCN0919,94,6,Playa Pelonas,,arana,,,7,2022,jul-22,41.996,4,0,0,0,0,,Tania
DSCN0921,94,7,Playa Pelonas,,arana,,,7,2022,jul-22,261.768,7,0,0,2,0,,Tania
DSCN1649,91,1,Playa Pelonas,,arana,,,8,2022,ago-22,62.393,3,0,0,2,0,,Tania
DSCN1650,91,2,Playa Pelonas,,arana,,,8,2022,ago-22,21.478,3,0,0,0,0,,Tania
DSCN1651,91,3,Playa Pelonas,,arana,,,8,2022,ago-22,34.370,3,0,0,0,0,,Tania
DSCN1652,91,4,Playa Pelonas,,arana,,,8,2022,ago-22,67.919,3,0,0,0,0,,Tania
DSCN1653,91,5,Playa Pelonas,,arana,,,8,2022,ago-22,35.277,1,0,0,1,0,,Tania
DSCN1654,91,6,Playa Pelonas,,arana,,,8,2022,ago-22,36.728,4,0,0,0,0,,Tania
DSCN1655,91,7,Playa Pelonas,,arana,,,8,2022,ago-22,803.446,11,0,2,0,0,,Tania
DSCN1667,92,1,Playa Pelonas,,arana,,,8,2022,ago-22,252.206,7,0,0,0,0,,Tania
DSCN1668,92,2,Playa Pelonas,,arana,,,8,2022,ago-22,210.847,6,0,0,0,0,,Tania
DSCN1669,92,3,Playa Pelonas,,arana,,,8,2022,ago-22,166.270,5,0,0,0,0,,Tania
DSCN1670,92,4,Playa Pelonas,,arana,,,8,2022,ago-22,64.237,4,0,0,0,0,,Tania
DSCN1671,92,5,Playa Pelonas,,arana,,,8,2022,ago-22,347.640,8,0,0,0,0,,Tania
DSCN1672,92,6,Playa Pelonas,,arana,,,8,2022,ago-22,182.421,3,0,0,0,0,,Tania
DSCN1673,92,7,Playa Pelonas,,arana,,,8,2022,ago-22,1070.375,15,0,0,0,0,,Tania
DSCN1640,93,1,Playa Pelonas,,arana,,,8,2022,ago-22,152.249,6,0,0,1,0,,Tania
DSCN1641,93,2,Playa Pelonas,,arana,,,8,2022,ago-22,177.173,4,0,0,0,0,,Tania
DSCN1642,93,3,Playa Pelonas,,arana,,,8,2022,ago-22,238.888,4,0,0,0,0,,Tania
DSCN1643,93,4,Playa Pelonas,,arana,,,8,2022,ago-22,188.055,5,0,0,0,0,,Tania
DSCN1644,93,5,Playa Pelonas,,arana,,,8,2022,ago-22,106.233,5,0,1,1,0,Repetida con 45,Tania
DSCN1646,93,6,Playa Pelonas,,arana,,,8,2022,ago-22,172.013,6,0,0,1,0,,Tania
DSCN1647,93,7,Playa Pelonas,,arana,,,8,2022,ago-22,614.772,17,0,0,0,0,,Tania
DSCN1675,94,1,Playa Pelonas,,arana,,,8,2022,ago-22,54.578,3,0,0,0,0,,Tania
DSCN1676,94,2,Playa Pelonas,,arana,,,8,2022,ago-22,65.394,3,0,1,0,0,,Tania
DSCN1677,94,3,Playa Pelonas,,arana,,,8,2022,ago-22,94.220,2,0,0,0,0,,Tania
DSCN1678,94,4,Playa Pelonas,,arana,,,8,2022,ago-22,59.288,2,0,0,0,0,,Tania
DSCN1679,94,5,Playa Pelonas,,arana,,,8,2022,ago-22,79.499,2,0,0,0,0,,Tania
DSCN1680,94,6,Playa Pelonas,,arana,,,8,2022,ago-22,82.114,4,0,0,0,0,,Tania
DSCN1681,94,7,Playa Pelonas,,arana,,,8,2022,ago-22,139.650,5,0,0,0,0,,Tania
DSCN8842,91,1,Playa Pelonas,,arana,,,9,2022,sep-22,139.942,4,0,0,2,0,,Tania
DSCN8843,91,2,Playa Pelonas,,arana,,,9,2022,sep-22,60.296,3,0,0,1,0,,Tania
DSCN8844,91,3,Playa Pelonas,,arana,,,9,2022,sep-22,106.254,3,0,0,1,0,,Tania
DSCN8845,91,4,Playa Pelonas,,arana,,,9,2022,sep-22,167.382,4,0,0,0,0,,Tania
DSCN8846,91,5,Playa Pelonas,,arana,,,9,2022,sep-22,60.733,1,0,0,1,0,,Tania
DSCN8847,91,6,Playa Pelonas,,arana,,,9,2022,sep-22,103.451,5,0,0,0,0,Repetida con 8847,Tania
DSCN8849,91,7,Playa Pelonas,,arana,,,9,2022,sep-22,911.905,12,0,0,0,0,,Tania
DSCN8808,92,1,Playa Pelonas,,arana,,,9,2022,sep-22,439.653,8,0,0,0,0,,Tania
DSCN8809,92,2,Playa Pelonas,,arana,,,9,2022,sep-22,308.643,5,0,0,0,0,,Tania
DSCN8810,92,3,Playa Pelonas,,arana,,,9,2022,sep-22,260.479,6,0,0,0,0,,Tania
DSCN8811,92,4,Playa Pelonas,,arana,,,9,2022,sep-22,222.460,5,0,0,0,0,,Tania
DSCN8812,92,5,Playa Pelonas,,arana,,,9,2022,sep-22,346.834,6,1,0,0,0,,Tania
DSCN8813,92,6,Playa Pelonas,,arana,,,9,2022,sep-22,170.137,3,0,0,0,0,,Tania
DSCN8814,92,7,Playa Pelonas,,arana,,,9,2022,sep-22,886.260,15,0,0,0,0,,Tania
DSCN8333,93,1,Playa Pelonas,,arana,,,9,2022,sep-22,99.315,6,0,0,1,0,,Tania
DSCN8334,93,2,Playa Pelonas,,arana,,,9,2022,sep-22,162.563,3,0,0,0,0,,Tania
DSCN8335,93,3,Playa Pelonas,,arana,,,9,2022,sep-22,201.185,4,0,0,0,0,,Tania
DSCN8336,93,4,Playa Pelonas,,arana,,,9,2022,sep-22,81.647,3,0,0,0,0,,Tania
DSCN8338,93,5,Playa Pelonas,,arana,,,9,2022,sep-22,131.128,7,0,1,2,0,Repetida con la 37,Tania
DSCN8339,93,6,Playa Pelonas,,arana,,,9,2022,sep-22,192.469,8,0,0,1,0,,Tania
DSCN8340,93,7,Playa Pelonas,,arana,,,9,2022,sep-22,674.262,16,2,0,0,0,,Tania
DSCN8800,94,1,Playa Pelonas,,arana,,,9,2022,sep-22,640.994,4,0,0,0,0,,Tania
DSCN8801,94,2,Playa Pelonas,,arana,,,9,2022,sep-22,79.084,3,0,1,0,0,,Tania
DSCN8802,94,3,Playa Pelonas,,arana,,,9,2022,sep-22,102.205,4,0,0,0,0,,Tania
DSCN8803,94,4,Playa Pelonas,,arana,,,9,2022,sep-22,103.207,4,0,0,0,0,,Tania
DSCN8804,94,5,Playa Pelonas,,arana,,,9,2022,sep-22,87.966,3,0,0,0,0,,Tania
DSCN8805,94,6,Playa Pelonas,,arana,,,9,2022,sep-22,64.373,4,0,0,0,0,,Tania
DSCN8806,94,7,Playa Pelonas,,arana,,,9,2022,sep-22,160.860,5,0,0,0,0,,Tania
DSCN9466,91,1,Playa Pelonas,,arana,,,10,2022,oct-22,131.457,3,0,0,1,0,,Tania
DSCN9467,91,2,Playa Pelonas,,arana,,,10,2022,oct-22,73.828,3,0,0,0,0,,Tania
DSCN9468,91,3,Playa Pelonas,,arana,,,10,2022,oct-22,105.909,3,0,0,0,0,,Tania
DSCN9469,91,4,Playa Pelonas,,arana,,,10,2022,oct-22,136.912,3,0,0,0,0,,Tania
DSCN9470,91,5,Playa Pelonas,,arana,,,10,2022,oct-22,42.128,1,0,0,0,0,,Tania
DSCN9471,91,6,Playa Pelonas,,arana,,,10,2022,oct-22,84.036,5,0,0,0,0,,Tania
DSCN9472,91,7,Playa Pelonas,,arana,,,10,2022,oct-22,701.098,9,0,0,0,2,,Tania
DSCN9433,92,1,Playa Pelonas,,arana,,,10,2022,oct-22,473.112,7,0,0,0,0,,Tania
DSCN9434,92,2,Playa Pelonas,,arana,,,10,2022,oct-22,206.626,5,0,0,0,0,,Tania
DSCN9435,92,3,Playa Pelonas,,arana,,,10,2022,oct-22,270.608,6,0,0,0,0,,Tania
DSCN9436,92,4,Playa Pelonas,,arana,,,10,2022,oct-22,268.129,6,0,0,0,0,,Tania
DSCN9437,92,5,Playa Pelonas,,arana,,,10,2022,oct-22,384.930,6,0,0,0,0,,Tania
DSCN9438,92,6,Playa Pelonas,,arana,,,10,2022,oct-22,163.847,4,0,0,0,0,,Tania
DSCN9439,92,7,Playa Pelonas,,arana,,,10,2022,oct-22,1030.100,13,0,0,0,0,,Tania
DSCN9458,93,1,Playa Pelonas,,arana,,,10,2022,oct-22,168.578,6,0,0,1,0,,Tania
DSCN9459,93,2,Playa Pelonas,,arana,,,10,2022,oct-22,179.396,4,0,0,0,0,,Tania
DSCN9460,93,3,Playa Pelonas,,arana,,,10,2022,oct-22,229.511,5,0,0,0,0,,Tania
DSCN9461,93,4,Playa Pelonas,,arana,,,10,2022,oct-22,51.568,3,0,0,1,0,,Tania
DSCN9462,93,5,Playa Pelonas,,arana,,,10,2022,oct-22,129.841,7,1,0,2,0,,Tania
DSCN9463,93,6,Playa Pelonas,,arana,,,10,2022,oct-22,174.783,8,0,0,0,0,,Tania
DSCN9464,93,7,Playa Pelonas,,arana,,,10,2022,oct-22,904.979,22,0,0,1,0,,Tania
DSCN9424,94,1,Playa Pelonas,,arana,,,10,2022,oct-22,77.450,3,0,0,0,0,,Tania
DSCN9425,94,2,Playa Pelonas,,arana,,,10,2022,oct-22,111.177,4,0,0,1,0,,Tania
DSCN9426,94,3,Playa Pelonas,,arana,,,10,2022,oct-22,106.924,3,0,0,1,0,,Tania
DSCN9427,94,4,Playa Pelonas,,arana,,,10,2022,oct-22,78.469,3,0,0,0,0,,Tania
DSCN9428,94,5,Playa Pelonas,,arana,,,10,2022,oct-22,76.064,3,0,0,0,0,,Tania
DSCN9429,94,6,Playa Pelonas,,arana,,,10,2022,oct-22,61.347,4,0,0,0,0,,Tania
DSCN9430,94,7,Playa Pelonas,,arana,,,10,2022,oct-22,305.268,9,0,0,0,0,,Tania
DSCN0293,91,1,Playa Pelonas,,arana,,,12,2022,dic-22,107.521,3,0,0,2,0,,Tania
DSCN0294,91,2,Playa Pelonas,,arana,,,12,2022,dic-22,137.708,6,0,0,0,0,,Tania
DSCN0295,91,3,Playa Pelonas,,arana,,,12,2022,dic-22,142.894,4,0,0,0,0,,Tania
DSCN0296,91,4,Playa Pelonas,,arana,,,12,2022,dic-22,130.768,4,0,0,0,0,,Tania
DSCN0297,91,5,Playa Pelonas,,arana,,,12,2022,dic-22,112.122,5,0,0,0,0,,Tania
DSCN0298,91,6,Playa Pelonas,,arana,,,12,2022,dic-22,122.267,6,0,0,0,0,,Tania
DSCN0299,91,7,Playa Pelonas,,arana,,,12,2022,dic-22,1258.021,15,0,0,0,1,,Tania
DSCN0268,92,1,Playa Pelonas,,arana,,,12,2022,dic-22,559.606,7,0,0,0,0,,Tania
DSCN0269,92,2,Playa Pelonas,,arana,,,12,2022,dic-22,366.986,5,0,0,0,0,,Tania
DSCN0270,92,3,Playa Pelonas,,arana,,,12,2022,dic-22,380.927,8,0,0,0,0,,Tania
DSCN0271,92,4,Playa Pelonas,,arana,,,12,2022,dic-22,236.703,6,0,0,0,0,,Tania
DSCN0272,92,5,Playa Pelonas,,arana,,,12,2022,dic-22,442.579,10,0,0,0,0,,Tania
DSCN0273,92,6,Playa Pelonas,,arana,,,12,2022,dic-22,233.459,4,0,0,0,0,,Tania
DSCN0274,92,7,Playa Pelonas,,arana,,,12,2022,dic-22,1474.210,20,0,0,0,0,,Tania
DSCN0285,93,1,Playa Pelonas,,arana,,,12,2022,dic-22,169.629,7,0,0,0,0,,Tania
DSCN0286,93,2,Playa Pelonas,,arana,,,12,2022,dic-22,176.856,3,0,0,0,0,,Tania
DSCN0287,93,3,Playa Pelonas,,arana,,,12,2022,dic-22,282.439,4,0,0,0,0,,Tania
DSCN0288,93,4,Playa Pelonas,,arana,,,12,2022,dic-22,123.028,5,0,0,0,0,,Tania
DSCN0289,93,5,Playa Pelonas,,arana,,,12,2022,dic-22,173.288,7,0,0,1,0,,Tania
DSCN0290,93,6,Playa Pelonas,,arana,,,12,2022,dic-22,173.015,6,0,0,0,0,,Tania
DSCN0291,93,7,Playa Pelonas,,arana,,,12,2022,dic-22,808.849,19,0,0,0,1,,Tania
DSCN0260,94,1,Playa Pelonas,,arana,,,12,2022,dic-22,82.520,3,0,0,0,0,,Tania
DSCN0261,94,2,Playa Pelonas,,arana,,,12,2022,dic-22,51.168,2,0,0,2,0,,Tania
DSCN0262,94,3,Playa Pelonas,,arana,,,12,2022,dic-22,107.672,3,0,0,1,0,,Tania
DSCN0263,94,4,Playa Pelonas,,arana,,,12,2022,dic-22,89.701,3,0,0,2,0,,Tania
DSCN0264,94,5,Playa Pelonas,,arana,,,12,2022,dic-22,108.066,4,0,0,1,0,,Tania
DSCN0265,94,6,Playa Pelonas,,arana,,,12,2022,dic-22,74.758,4,0,0,0,0,,Tania
DSCN0266,94,7,Playa Pelonas,,arana,,,12,2022,dic-22,474.040,14,0,0,1,0,,Tania
DSCN1109,91,1,Playa Pelonas,,arana,,,1,2023,ene-23,163.440,3,0,0,0,0,,Tania
DSCN1110,91,2,Playa Pelonas,,arana,,,1,2023,ene-23,142.406,4,0,0,0,0,,Tania
DSCN1111,91,3,Playa Pelonas,,arana,,,1,2023,ene-23,271.947,5,0,0,0,0,,Tania
DSCN1112,91,4,Playa Pelonas,,arana,,,1,2023,ene-23,222.901,7,0,0,0,0,,Tania
DSCN1113,91,5,Playa Pelonas,,arana,,,1,2023,ene-23,240.332,7,0,0,0,0,,Tania
DSCN1114,91,6,Playa Pelonas,,arana,,,1,2023,ene-23,135.296,4,0,0,0,0,,Tania
DSCN1115,91,7,Playa Pelonas,,arana,,,1,2023,ene-23,321.931,7,0,0,0,0,,Tania
DSCN1151,92,1,Playa Pelonas,,arana,,,1,2023,ene-23,585.272,8,0,0,0,0,,Tania
DSCN1152,92,2,Playa Pelonas,,arana,,,1,2023,ene-23,731.591,7,0,0,0,0,,Tania
DSCN1153,92,3,Playa Pelonas,,arana,,,1,2023,ene-23,457.888,5,0,0,0,0,,Tania
DSCN1154,92,4,Playa Pelonas,,arana,,,1,2023,ene-23,382.596,6,0,0,0,0,,Tania
DSCN1155,92,5,Playa Pelonas,,arana,,,1,2023,ene-23,571.381,8,0,0,0,0,,Tania
DSCN1156,92,6,Playa Pelonas,,arana,,,1,2023,ene-23,475.511,7,0,0,0,0,,Tania
DSCN1157,92,7,Playa Pelonas,,arana,,,1,2023,ene-23,1625.973,17,0,0,0,0,,Tania
DSCN1118,93,1,Playa Pelonas,,arana,,,1,2023,ene-23,203.222,5,0,0,0,0,,Tania
DSCN1119,93,2,Playa Pelonas,,arana,,,1,2023,ene-23,348.108,7,0,0,0,0,,Tania
DSCN1120,93,3,Playa Pelonas,,arana,,,1,2023,ene-23,281.178,7,0,0,0,0,,Tania
DSCN1121,93,4,Playa Pelonas,,arana,,,1,2023,ene-23,321.011,7,0,0,0,0,,Tania
DSCN1122,93,5,Playa Pelonas,,arana,,,1,2023,ene-23,394.631,4,0,0,0,0,,Tania
DSCN1123,93,6,Playa Pelonas,,arana,,,1,2023,ene-23,244.496,3,0,0,0,0,,Tania
DSCN1124,93,7,Playa Pelonas,,arana,,,1,2023,ene-23,947.993,15,0,0,0,0,,Tania
DSCN1142,94,1,Playa Pelonas,,arana,,,1,2023,ene-23,200.447,3,0,0,0,0,,Tania
DSCN1143,94,2,Playa Pelonas,,arana,,,1,2023,ene-23,94.085,3,0,0,0,0,,Tania
DSCN1144,94,3,Playa Pelonas,,arana,,,1,2023,ene-23,151.104,4,0,0,0,0,,Tania
DSCN1145,94,4,Playa Pelonas,,arana,,,1,2023,ene-23,155.242,4,0,0,0,0,,Tania
DSCN1146,94,5,Playa Pelonas,,arana,,,1,2023,ene-23,135.667,2,0,0,0,0,,Tania
DSCN1147,94,6,Playa Pelonas,,arana,,,1,2023,ene-23,124.080,3,0,0,0,0,"Hay uno que esta empezando a blanquearse, pero aún no",Tania
DSCN1148,94,7,Playa Pelonas,,arana,,,1,2023,ene-23,420.780,12,0,0,0,0,Repetida con la 1149,Tania
DSCN1733,91,1,Playa Pelonas,,arana,,,2,2023,feb-23,175.654,3,0,0,0,0,,Tania
DSCN1734,91,2,Playa Pelonas,,arana,,,2,2023,feb-23,151.755,3,0,0,0,2,,Tania
DSCN1735,91,3,Playa Pelonas,,arana,,,2,2023,feb-23,177.938,3,0,0,0,0,,Tania
DSCN1736,91,4,Playa Pelonas,,arana,,,2,2023,feb-23,287.011,6,0,0,0,0,,Tania
DSCN1737,91,5,Playa Pelonas,,arana,,,2,2023,feb-23,226.777,4,0,0,0,0,,Tania
DSCN1738,91,6,Playa Pelonas,,arana,,,2,2023,feb-23,148.254,5,0,0,0,0,,Tania
DSCN1739,91,7,Playa Pelonas,,arana,,,2,2023,feb-23,1239.182,10,0,0,0,1,,Tania
DSCN1757,92,1,Playa Pelonas,,arana,,,2,2023,feb-23,586.355,6,0,0,0,0,,Tania
DSCN1758,92,2,Playa Pelonas,,arana,,,2,2023,feb-23,521.637,6,0,0,0,0,,Tania
DSCN1759,92,3,Playa Pelonas,,arana,,,2,2023,feb-23,671.131,8,0,0,0,1,,Tania
DSCN1760,92,4,Playa Pelonas,,arana,,,2,2023,feb-23,452.485,6,0,0,0,0,,Tania
DSCN1761,92,5,Playa Pelonas,,arana,,,2,2023,feb-23,721.316,8,0,0,0,1,,Tania
DSCN1762,92,6,Playa Pelonas,,arana,,,2,2023,feb-23,560.254,3,0,0,0,0,,Tania
DSCN1763,92,7,Playa Pelonas,,arana,,,2,2023,feb-23,1370.075,11,0,0,0,2,,Tania
DSCN1741,93,1,Playa Pelonas,,arana,,,2,2023,feb-23,245.349,5,0,0,1,1,,Tania
DSCN1742,93,2,Playa Pelonas,,arana,,,2,2023,feb-23,320.761,7,0,0,1,0,,Tania
DSCN1743,93,3,Playa Pelonas,,arana,,,2,2023,feb-23,224.586,7,0,0,1,0,,Tania
DSCN1744,93,4,Playa Pelonas,,arana,,,2,2023,feb-23,279.714,6,0,0,0,0,,Tania
DSCN1745,93,5,Playa Pelonas,,arana,,,2,2023,feb-23,375.172,5,0,0,0,1,,Tania
DSCN1746,93,6,Playa Pelonas,,arana,,,2,2023,feb-23,299.890,3,0,0,0,0,,Tania
DSCN1747,93,7,Playa Pelonas,,arana,,,2,2023,feb-23,1195.271,13,0,0,0,0,,Tania
DSCN1765,94,1,Playa Pelonas,,arana,,,2,2023,feb-23,126.474,2,0,0,0,0,,Tania
DSCN1766,94,2,Playa Pelonas,,arana,,,2,2023,feb-23,109.898,3,0,0,0,0,,Tania
DSCN1767,94,3,Playa Pelonas,,arana,,,2,2023,feb-23,193.190,4,0,0,0,0,,Tania
DSCN1768,94,4,Playa Pelonas,,arana,,,2,2023,feb-23,187.554,3,0,0,0,0,,Tania
DSCN1769,94,5,Playa Pelonas,,arana,,,2,2023,feb-23,28.726,1,0,0,0,0,,Tania
DSCN1770,94,6,Playa Pelonas,,arana,,,2,2023,feb-23,125.414,4,0,0,1,0,,Tania
DSCN1771,94,7,Playa Pelonas,,arana,,,2,2023,feb-23,719.152,14,0,0,0,1,,Tania
DSCN2417,91,1,Playa Pelonas,,arana,,,3,2023,mar-23,237.903,3,0,1,0,0,,Tania
DSCN2418,91,2,Playa Pelonas,,arana,,,3,2023,mar-23,255.925,5,0,0,1,0,,Tania
DSCN2419,91,3,Playa Pelonas,,arana,,,3,2023,mar-23,176.184,3,0,0,0,0,,Tania
DSCN2420,91,4,Playa Pelonas,,arana,,,3,2023,mar-23,240.486,5,0,0,0,1,,Tania
DSCN2421,91,5,Playa Pelonas,,arana,,,3,2023,mar-23,445.555,5,0,0,0,0,,Tania
DSCN2422,91,6,Playa Pelonas,,arana,,,3,2023,mar-23,232.735,4,0,0,0,0,,Tania
DSCN2423,91,7,Playa Pelonas,,arana,,,3,2023,mar-23,1552.859,8,0,0,0,1,,Tania
DSCN2433,92,1,Playa Pelonas,,arana,,,3,2023,mar-23,734.699,8,0,0,0,0,,Tania
DSCN2434,92,2,Playa Pelonas,,arana,,,3,2023,mar-23,779.976,8,0,0,0,0,,Tania
DSCN2435,92,3,Playa Pelonas,,arana,,,3,2023,mar-23,668.901,5,0,0,0,0,,Tania
DSCN2436,92,4,Playa Pelonas,,arana,,,3,2023,mar-23,426.477,7,0,0,0,0,,Tania
DSCN2437,92,5,Playa Pelonas,,arana,,,3,2023,mar-23,524.632,6,0,0,0,0,,Tania
DSCN2438,92,6,Playa Pelonas,,arana,,,3,2023,mar-23,583.851,6,0,0,0,0,,Tania
DSCN2439,92,7,Playa Pelonas,,arana,,,3,2023,mar-23,1373.740,14,0,0,0,0,,Tania
DSCN2409,93,1,Playa Pelonas,,arana,,,3,2023,mar-23,309.593,6,0,0,0,0,,Tania
DSCN2410,93,2,Playa Pelonas,,arana,,,3,2023,mar-23,172.311,4,0,0,0,0,,Tania
DSCN2411,93,3,Playa Pelonas,,arana,,,3,2023,mar-23,340.405,7,0,0,0,0,,Tania
DSCN2412,93,4,Playa Pelonas,,arana,,,3,2023,mar-23,295.395,4,0,0,0,0,,Tania
DSCN2413,93,5,Playa Pelonas,,arana,,,3,2023,mar-23,512.100,5,0,0,0,0,,Tania
DSCN2414,93,6,Playa Pelonas,,arana,,,3,2023,mar-23,343.395,3,0,0,0,0,,Tania
DSCN2415,93,7,Playa Pelonas,,arana,,,3,2023,mar-23,989.756,13,0,0,0,0,,Tania
DSCN2441,94,1,Playa Pelonas,,arana,,,3,2023,mar-23,159.562,2,0,0,0,0,,Tania
DSCN2442,94,2,Playa Pelonas,,arana,,,3,2023,mar-23,123.834,3,0,0,0,0,,Tania
DSCN2443,94,3,Playa Pelonas,,arana,,,3,2023,mar-23,284.105,4,0,0,0,0,,Tania
DSCN2444,94,4,Playa Pelonas,,arana,,,3,2023,mar-23,182.728,3,0,0,1,0,,Tania
DSCN2445,94,5,Playa Pelonas,,arana,,,3,2023,mar-23,174.480,2,0,1,0,0,,Tania
DSCN2446,94,6,Playa Pelonas,,arana,,,3,2023,mar-23,74.801,2,0,0,0,0,,Tania
DSCN2447,94,7,Playa Pelonas,,arana,,,3,2023,mar-23,760.020,13,0,0,0,0,,Tania
DSCN3299,91,1,Playa Pelonas,,arana,,,4,2023,abr-23,233.233,3,0,0,0,0,,Tania
DSCN3300,91,2,Playa Pelonas,,arana,,,4,2023,abr-23,205.846,4,0,0,0,0,,Tania
DSCN3301,91,3,Playa Pelonas,,arana,,,4,2023,abr-23,182.123,4,0,0,0,0,,Tania
DSCN3302,91,4,Playa Pelonas,,arana,,,4,2023,abr-23,277.678,7,0,0,0,0,,Tania
DSCN3303,91,5,Playa Pelonas,,arana,,,4,2023,abr-23,214.067,5,0,0,0,0,,Tania
DSCN3304,91,6,Playa Pelonas,,arana,,,4,2023,abr-23,188.701,3,0,0,0,0,,Tania
DSCN3305,91,7,Playa Pelonas,,arana,,,4,2023,abr-23,1231.763,7,0,0,0,0,,Tania
DSCN3315,92,1,Playa Pelonas,,arana,,,4,2023,abr-23,866.879,8,0,0,0,0,,Tania
DSCN3316,92,2,Playa Pelonas,,arana,,,4,2023,abr-23,938.762,7,0,0,0,0,,Tania
DSCN3317,92,3,Playa Pelonas,,arana,,,4,2023,abr-23,714.811,8,0,1,0,0,,Tania
DSCN3318,92,4,Playa Pelonas,,arana,,,4,2023,abr-23,415.447,6,0,0,0,0,,Tania
DSCN3319,92,5,Playa Pelonas,,arana,,,4,2023,abr-23,696.371,6,0,0,0,0,,Tania
DSCN3320,92,6,Playa Pelonas,,arana,,,4,2023,abr-23,493.263,7,0,0,0,0,,Tania
DSCN3321,92,7,Playa Pelonas,,arana,,,4,2023,abr-23,1462.899,9,0,0,0,0,,Tania
DSCN3291,93,1,Playa Pelonas,,arana,,,4,2023,abr-23,280.934,6,0,0,1,0,,Tania
DSCN3292,93,2,Playa Pelonas,,arana,,,4,2023,abr-23,456.443,9,0,0,0,0,,Tania
DSCN3293,93,3,Playa Pelonas,,arana,,,4,2023,abr-23,362.456,8,0,0,0,0,,Tania
DSCN3294,93,4,Playa Pelonas,,arana,,,4,2023,abr-23,234.280,5,0,0,0,0,,Tania
DSCN3295,93,5,Playa Pelonas,,arana,,,4,2023,abr-23,278.665,4,0,0,0,0,,Tania
DSCN3296,93,6,Playa Pelonas,,arana,,,4,2023,abr-23,340.067,3,0,0,0,0,,Tania
DSCN3297,93,7,Playa Pelonas,,arana,,,4,2023,abr-23,914.466,12,0,0,0,0,,Tania
DSCN3323,94,1,Playa Pelonas,,arana,,,4,2023,abr-23,148.420,2,0,0,0,0,,Tania
DSCN3324,94,2,Playa Pelonas,,arana,,,4,2023,abr-23,138.550,4,0,0,0,0,,Tania
DSCN3325,94,3,Playa Pelonas,,arana,,,4,2023,abr-23,183.832,4,0,0,0,0,,Tania
DSCN3326,94,4,Playa Pelonas,,arana,,,4,2023,abr-23,179.818,3,0,1,0,0,,Tania
DSCN3327,94,5,Playa Pelonas,,arana,,,4,2023,abr-23,38.797,2,0,1,0,0,,Tania
DSCN3328,94,6,Playa Pelonas,,arana,,,4,2023,abr-23,35.589,2,0,0,0,0,,Tania
DSCN3329,94,7,Playa Pelonas,,arana,,,4,2023,abr-23,755.342,12,0,0,0,0,,Tania
DSCN0890,117,1,Playa Pelonas,,arana,,,7,2022,jul-23,234.184,11,0,0,0,0,,Tania
DSCN0891,117,2,Playa Pelonas,,arana,,,7,2022,jul-23,299.360,14,0,0,0,0,,Tania
DSCN0892,117,3,Playa Pelonas,,arana,,,7,2022,jul-23,233.557,12,0,0,0,0,,Tania
DSCN0893,117,4,Playa Pelonas,,arana,,,7,2022,jul-23,271.172,11,0,0,0,0,,Tania
DSCN0894,117,5,Playa Pelonas,,arana,,,7,2022,jul-23,291.229,16,0,0,0,0,,Tania
DSCN0895,117,6,Playa Pelonas,,arana,,,7,2022,jul-23,210.775,11,0,0,0,0,,Tania
DSCN0896,117,7,Playa Pelonas,,arana,,,7,2022,jul-23,391.743,25,0,0,0,0,,Tania
DSCN0898,119,1,Playa Pelonas,,arana,,,7,2022,jul-23,179.453,7,0,0,1,0,,Tania
DSCN0899,119,2,Playa Pelonas,,arana,,,7,2022,jul-23,103.768,10,0,0,0,0,,Tania
DSCN0900,119,3,Playa Pelonas,,arana,,,7,2022,jul-23,103.448,8,0,0,0,0,,Tania
DSCN0901,119,4,Playa Pelonas,,arana,,,7,2022,jul-23,142.127,6,0,0,0,0,,Tania
DSCN0902,119,5,Playa Pelonas,,arana,,,7,2022,jul-23,102.491,4,0,0,0,0,,Tania
DSCN0903,119,6,Playa Pelonas,,arana,,,7,2022,jul-23,113.472,9,0,0,0,0,,Tania
DSCN0904,119,7,Playa Pelonas,,arana,,,7,2022,jul-23,495.019,20,0,0,0,0,,Tania
DSCN1632,117,1,Playa Pelonas,,arana,,,8,2022,ago-23,481.677,15,0,0,0,0,,Tania
DSCN1633,117,2,Playa Pelonas,,arana,,,8,2022,ago-23,250.017,12,0,0,0,0,,Tania
DSCN1634,117,3,Playa Pelonas,,arana,,,8,2022,ago-23,229.896,14,0,0,0,0,,Tania
DSCN1635,117,4,Playa Pelonas,,arana,,,8,2022,ago-23,378.461,17,0,0,0,0,,Tania
DSCN1636,117,5,Playa Pelonas,,arana,,,8,2022,ago-23,304.554,12,1,0,0,0,,Tania
DSCN1637,117,6,Playa Pelonas,,arana,,,8,2022,ago-23,233.825,12,0,0,0,0,,Tania
DSCN1638,117,7,Playa Pelonas,,arana,,,8,2022,ago-23,569.064,21,0,0,0,0,,Tania
DSCN1658,119,1,Playa Pelonas,,arana,,,8,2022,ago-23,241.624,8,0,0,1,0,,Tania
DSCN1659,119,2,Playa Pelonas,,arana,,,8,2022,ago-23,175.001,10,0,0,0,0,,Tania
DSCN1660,119,3,Playa Pelonas,,arana,,,8,2022,ago-23,297.926,13,0,0,0,0,,Tania
DSCN1661,119,4,Playa Pelonas,,arana,,,8,2022,ago-23,189.911,7,0,0,0,0,,Tania
DSCN1662,119,5,Playa Pelonas,,arana,,,8,2022,ago-23,131.433,6,0,0,0,0,,Tania
DSCN1663,119,6,Playa Pelonas,,arana,,,8,2022,ago-23,163.859,7,0,0,0,0,,Tania
DSCN1665,119,7,Playa Pelonas,,arana,,,8,2022,ago-23,393.303,16,0,0,0,0,,Tania
DSCN8825,117,1,Playa Pelonas,,arana,,,9,2022,sep-23,341.601,10,0,0,0,0,,Tania
DSCN8826,117,2,Playa Pelonas,,arana,,,9,2022,sep-23,289.173,12,0,0,0,0,,Tania
DSCN8827,117,3,Playa Pelonas,,arana,,,9,2022,sep-23,301.586,11,0,0,0,0,,Tania
DSCN8828,117,4,Playa Pelonas,,arana,,,9,2022,sep-23,388.932,12,0,0,0,0,,Tania
DSCN8829,117,5,Playa Pelonas,,arana,,,9,2022,sep-23,363.462,13,0,1,0,0,,Tania
DSCN8830,117,6,Playa Pelonas,,arana,,,9,2022,sep-23,249.639,11,0,0,0,0,,Tania
DSCN8831,117,7,Playa Pelonas,,arana,,,9,2022,sep-23,701.884,24,0,0,0,0,,Tania
DSCN8816,119,1,Playa Pelonas,,arana,,,9,2022,sep-23,220.612,7,0,0,1,0,,Tania
DSCN8817,119,2,Playa Pelonas,,arana,,,9,2022,sep-23,133.202,5,0,0,0,0,,Tania
DSCN8819,119,3,Playa Pelonas,,arana,,,9,2022,sep-23,132.433,7,0,0,0,0,,Tania
DSCN8820,119,4,Playa Pelonas,,arana,,,9,2022,sep-23,187.184,7,0,0,0,0,,Tania
DSCN8821,119,5,Playa Pelonas,,arana,,,9,2022,sep-23,168.949,6,0,0,0,0,,Tania
DSCN8822,119,6,Playa Pelonas,,arana,,,9,2022,sep-23,150.798,7,0,0,0,0,,Tania
DSCN8823,119,7,Playa Pelonas,,arana,,,9,2022,sep-23,727.874,21,0,0,0,0,,Tania
P5240136,91,1,Playa Pelonas,,arana,,,5,2023,may-23,238.782,3,0,0,0,0,,Tania
P5240137,91,2,Playa Pelonas,,arana,,,5,2023,may-23,148.017,3,0,1,1,0,,Tania
P5240138,91,3,Playa Pelonas,,arana,,,5,2023,may-23,105.844,3,0,1,0,0,,Tania
P5240139,91,4,Playa Pelonas,,arana,,,5,2023,may-23,289.521,6,0,1,0,0,,Tania
P5240140,91,5,Playa Pelonas,,arana,,,5,2023,may-23,253.981,3,0,0,0,0,,Tania
P5240141,91,6,Playa Pelonas,,arana,,,5,2023,may-23,134.171,2,0,0,1,0,,Tania
P5240142,91,7,Playa Pelonas,,arana,,,5,2023,may-23,896.918,11,0,0,0,0,,Tania
P5240094,92,1,Playa Pelonas,,arana,,,5,2023,may-23,740.099,8,0,0,0,0,Repetida con 95,Tania
P5240096,92,2,Playa Pelonas,,arana,,,5,2023,may-23,605.803,6,0,1,0,0,,Tania
P5240097,92,3,Playa Pelonas,,arana,,,5,2023,may-23,597.341,6,0,1,0,0,,Tania
P5240098,92,4,Playa Pelonas,,arana,,,5,2023,may-23,398.184,4,0,0,0,0,,Tania
P5240099,92,5,Playa Pelonas,,arana,,,5,2023,may-23,597.005,6,0,1,0,0,,Tania
P5240100,92,6,Playa Pelonas,,arana,,,5,2023,may-23,515.794,6,0,0,0,0,Repetida con 101,Tania
P5240102,92,7,Playa Pelonas,,arana,,,5,2023,may-23,1148.329,11,0,1,0,0,,Tania
P5240145,93,1,Playa Pelonas,,arana,,,5,2023,may-23,130.026,5,2,0,0,0,Estaban rotulados como 95,Tania
P5240146,93,2,Playa Pelonas,,arana,,,5,2023,may-23,292.155,6,1,0,0,0,Estaban rotulados como 95,Tania
P5240147,93,3,Playa Pelonas,,arana,,,5,2023,may-23,332.376,8,0,1,0,0,Estaban rotulados como 95,Tania
P5240148,93,4,Playa Pelonas,,arana,,,5,2023,may-23,263.332,5,0,0,0,0,Estaban rotulados como 95,Tania
P5240149,93,5,Playa Pelonas,,arana,,,5,2023,may-23,236.742,4,0,1,0,0,Estaban rotulados como 95,Tania
P5240150,93,6,Playa Pelonas,,arana,,,5,2023,may-23,162.919,4,0,1,0,0,Estaban rotulados como 95,Tania
P5240151,93,7,Playa Pelonas,,arana,,,5,2023,may-23,963.926,11,0,0,0,0,Estaban rotulados como 95. Repetida con la 152,Tania
P5240108,94,1,Playa Pelonas,,arana,,,5,2023,may-23,160.933,3,0,0,0,0,,Tania
P5240109,94,2,Playa Pelonas,,arana,,,5,2023,may-23,289.407,6,0,0,0,0,,Tania
P5240110,94,3,Playa Pelonas,,arana,,,5,2023,may-23,147.401,3,0,0,1,0,,Tania
P5240111,94,4,Playa Pelonas,,arana,,,5,2023,may-23,92.481,3,0,0,1,0,,Tania
P5240112,94,5,Playa Pelonas,,arana,,,5,2023,may-23,90.022,4,1,0,0,0,,Tania
P5240113,94,6,Playa Pelonas,,arana,,,5,2023,may-23,79.964,5,0,0,0,0,,Tania
P5240114,94,7,Playa Pelonas,,arana,,,5,2023,may-23,875.898,13,1,0,0,0,Repetido con la 15,Tania
DSCN5141,91,1,Playa Pelonas,,arana,,,6,2023,jun-23,239.255,3,0,0,0,0,,Tania
DSCN5142,91,2,Playa Pelonas,,arana,,,6,2023,jun-23,186.178,4,0,0,0,0,,Tania
DSCN5143,91,3,Playa Pelonas,,arana,,,6,2023,jun-23,291.131,4,0,0,0,0,,Tania
DSCN5144,91,4,Playa Pelonas,,arana,,,6,2023,jun-23,222.026,4,0,0,0,0,,Tania
DSCN5145,91,5,Playa Pelonas,,arana,,,6,2023,jun-23,247.920,4,0,0,0,0,,Tania
DSCN5146,91,6,Playa Pelonas,,arana,,,6,2023,jun-23,186.649,2,0,0,1,0,,Tania
DSCN5148,91,7,Playa Pelonas,,arana,,,6,2023,jun-23,1354.902,11,0,0,0,0,,Tania
DSCN5177,92,1,Playa Pelonas,,arana,,,6,2023,jun-23,901.852,8,0,0,0,0,,Tania
DSCN5178,92,2,Playa Pelonas,,arana,,,6,2023,jun-23,365.046,3,0,0,0,0,,Tania
DSCN5180,92,3,Playa Pelonas,,arana,,,6,2023,jun-23,503.793,5,0,0,1,0,,Tania
DSCN5182,92,4,Playa Pelonas,,arana,,,6,2023,jun-23,316.545,4,0,0,0,1,,Tania
DSCN5183,92,5,Playa Pelonas,,arana,,,6,2023,jun-23,712.671,5,0,1,0,0,,Tania
DSCN5185,92,6,Playa Pelonas,,arana,,,6,2023,jun-23,512.238,4,0,0,0,0,,Tania
DSCN5188,92,7,Playa Pelonas,,arana,,,6,2023,jun-23,1287.330,9,0,0,1,0,,Tania
DSCN5151,93,1,Playa Pelonas,,arana,,,6,2023,jun-23,252.218,5,2,0,0,0,,Tania
DSCN5152,93,2,Playa Pelonas,,arana,,,6,2023,jun-23,288.763,6,0,0,0,0,,Tania
DSCN5153,93,3,Playa Pelonas,,arana,,,6,2023,jun-23,211.525,6,0,0,0,0,,Tania
DSCN5154,93,4,Playa Pelonas,,arana,,,6,2023,jun-23,324.875,6,0,0,0,0,,Tania
DSCN5156,93,5,Playa Pelonas,,arana,,,6,2023,jun-23,251.019,2,0,0,0,0,,Tania
DSCN5157,93,6,Playa Pelonas,,arana,,,6,2023,jun-23,240.684,3,0,0,0,0,,Tania
DSCN5159,93,7,Playa Pelonas,,arana,,,6,2023,jun-23,1099.739,8,0,0,1,0,,Tania
DSCN5190,94,1,Playa Pelonas,,arana,,,6,2023,jun-23,124.246,2,0,0,0,0,,Tania
DSCN5191,94,2,Playa Pelonas,,arana,,,6,2023,jun-23,257.570,5,0,0,0,0,,Tania
DSCN5192,94,3,Playa Pelonas,,arana,,,6,2023,jun-23,149.994,2,0,0,0,0,,Tania
DSCN5193,94,4,Playa Pelonas,,arana,,,6,2023,jun-23,120.363,3,0,1,0,0,,Tania
DSCN5194,94,5,Playa Pelonas,,arana,,,6,2023,jun-23,67.930,2,1,0,0,0,,Tania
DSCN5195,94,6,Playa Pelonas,,arana,,,6,2023,jun-23,101.191,5,0,0,0,0,,Tania
DSCN5197,94,7,Playa Pelonas,,arana,,,6,2023,jun-23,562.463,11,0,0,0,0,,Tania
DSCN8389,91,1,Playa Pelonas,,arana,,,7,2023,jul-23,276.875,3,0,0,0,0,,Tania
DSCN8390,91,2,Playa Pelonas,,arana,,,7,2023,jul-23,209.406,5,0,0,1,0,,Tania
DSCN8391,91,3,Playa Pelonas,,arana,,,7,2023,jul-23,200.224,3,0,0,0,0,,Tania
DSCN8392,91,4,Playa Pelonas,,arana,,,7,2023,jul-23,372.607,5,0,0,0,0,,Tania
DSCN8393,91,5,Playa Pelonas,,arana,,,7,2023,jul-23,291.495,3,0,0,0,0,,Tania
DSCN8394,91,6,Playa Pelonas,,arana,,,7,2023,jul-23,164.464,2,1,0,0,0,,Tania
DSCN8395,91,7,Playa Pelonas,,arana,,,7,2023,jul-23,1496.308,10,0,0,0,0,,Tania
DSCN8408,92,1,Playa Pelonas,,arana,,,7,2023,jul-23,714.255,7,0,0,0,0,,Tania
DSCN8409,92,2,Playa Pelonas,,arana,,,7,2023,jul-23,657.437,7,0,0,0,0,,Tania
DSCN8410,92,3,Playa Pelonas,,arana,,,7,2023,jul-23,566.486,5,0,1,1,0,,Tania
DSCN8411,92,4,Playa Pelonas,,arana,,,7,2023,jul-23,355.689,4,0,0,0,1,,Tania
DSCN8412,92,5,Playa Pelonas,,arana,,,7,2023,jul-23,782.447,7,0,0,0,0,,Tania
DSCN8413,92,6,Playa Pelonas,,arana,,,7,2023,jul-23,727.354,9,0,0,0,0,,Tania
DSCN8414,92,7,Playa Pelonas,,arana,,,7,2023,jul-23,1559.853,10,0,0,0,3,,Tania
DSCN8381,93,1,Playa Pelonas,,arana,,,7,2023,jul-23,286.992,4,0,0,0,0,,Tania
DSCN8382,93,2,Playa Pelonas,,arana,,,7,2023,jul-23,480.134,7,0,0,0,0,,Tania
DSCN8383,93,3,Playa Pelonas,,arana,,,7,2023,jul-23,396.160,7,0,0,0,0,,Tania
DSCN8384,93,4,Playa Pelonas,,arana,,,7,2023,jul-23,301.741,4,0,0,0,0,,Tania
DSCN8385,93,5,Playa Pelonas,,arana,,,7,2023,jul-23,419.505,3,0,0,0,0,,Tania
DSCN8386,93,6,Playa Pelonas,,arana,,,7,2023,jul-23,237.945,2,0,0,0,0,,Tania
DSCN8387,93,7,Playa Pelonas,,arana,,,7,2023,jul-23,1177.860,11,0,0,1,0,,Tania
DSCN8416,94,1,Playa Pelonas,,arana,,,7,2023,jul-23,167.105,3,0,0,0,0,,Tania
DSCN8417,94,2,Playa Pelonas,,arana,,,7,2023,jul-23,287.584,5,0,0,0,0,,Tania
DSCN8418,94,3,Playa Pelonas,,arana,,,7,2023,jul-23,205.511,3,0,0,0,0,,Tania
DSCN8419,94,4,Playa Pelonas,,arana,,,7,2023,jul-23,98.779,2,0,1,0,0,,Tania
DSCN8420,94,5,Playa Pelonas,,arana,,,7,2023,jul-23,115.560,4,0,1,0,0,,Tania
DSCN8421,94,6,Playa Pelonas,,arana,,,7,2023,jul-23,145.245,6,1,0,0,0,,Tania
DSCN8422,94,7,Playa Pelonas,,arana,,,7,2023,jul-23,480.570,9,0,0,0,0,,Tania
DSCN9388,91,1,Playa Pelonas,,arana,,,8,2023,ago-23,330.427,5,0,0,0,0,,Tania
DSCN9389,91,2,Playa Pelonas,,arana,,,8,2023,ago-23,150.747,3,0,1,0,0,,Tania
DSCN9390,91,3,Playa Pelonas,,arana,,,8,2023,ago-23,270.190,3,1,1,0,0,,Tania
DSCN9391,91,4,Playa Pelonas,,arana,,,8,2023,ago-23,318.526,7,0,0,0,0,,Tania
DSCN9392,91,5,Playa Pelonas,,arana,,,8,2023,ago-23,394.597,4,0,0,0,0,,Tania
DSCN9393,91,6,Playa Pelonas,,arana,,,8,2023,ago-23,224.018,3,0,0,1,0,,Tania
DSCN9394,91,7,Playa Pelonas,,arana,,,8,2023,ago-23,1220.335,4,0,0,1,0,,Tania
DSCN9404,92,1,Playa Pelonas,,arana,,,8,2023,ago-23,589.645,7,0,0,0,0,,Tania
DSCN9405,92,2,Playa Pelonas,,arana,,,8,2023,ago-23,411.924,4,0,0,0,0,,Tania
DSCN9406,92,3,Playa Pelonas,,arana,,,8,2023,ago-23,796.492,8,0,1,0,0,,Tania
DSCN9407,92,4,Playa Pelonas,,arana,,,8,2023,ago-23,547.154,7,0,0,0,1,,Tania
DSCN9408,92,5,Playa Pelonas,,arana,,,8,2023,ago-23,662.610,7,0,0,0,0,,Tania
DSCN9409,92,6,Playa Pelonas,,arana,,,8,2023,ago-23,457.726,7,0,1,0,0,,Tania
DSCN9410,92,7,Playa Pelonas,,arana,,,8,2023,ago-23,1770.426,12,0,0,0,2,revisar la cantidad de fragmentos,Tania
DSCN9380,93,1,Playa Pelonas,,arana,,,8,2023,ago-23,431.625,8,0,1,0,0,,Tania
DSCN9381,93,2,Playa Pelonas,,arana,,,8,2023,ago-23,345.261,7,0,0,0,0,,Tania
DSCN9382,93,3,Playa Pelonas,,arana,,,8,2023,ago-23,420.350,7,0,0,0,0,,Tania
DSCN9383,93,4,Playa Pelonas,,arana,,,8,2023,ago-23,372.567,4,0,0,0,0,,Tania
DSCN9384,93,5,Playa Pelonas,,arana,,,8,2023,ago-23,502.432,4,0,0,0,0,,Tania
DSCN9385,93,6,Playa Pelonas,,arana,,,8,2023,ago-23,273.646,3,0,1,0,0,,Tania
DSCN9386,93,7,Playa Pelonas,,arana,,,8,2023,ago-23,1113.863,15,0,0,1,0,,Tania
DSCN9412,94,1,Playa Pelonas,,arana,,,8,2023,ago-23,156.982,3,0,0,0,0,,Tania
DSCN9413,94,2,Playa Pelonas,,arana,,,8,2023,ago-23,381.153,7,0,0,0,0,,Tania
DSCN9414,94,3,Playa Pelonas,,arana,,,8,2023,ago-23,140.431,2,0,0,0,0,,Tania
DSCN9415,94,4,Playa Pelonas,,arana,,,8,2023,ago-23,205.942,3,0,1,0,0,,Tania
DSCN9416,94,5,Playa Pelonas,,arana,,,8,2023,ago-23,77.031,2,1,0,0,0,,Tania
DSCN9417,94,6,Playa Pelonas,,arana,,,8,2023,ago-23,124.733,5,0,0,0,0,,Tania
DSCN9418,94,7,Playa Pelonas,,arana,,,8,2023,ago-23,676.320,11,0,0,0,0,,Tania
P9235275,91,1,Playa Pelonas,,arana,,,9,2023,set-23,368.959,6,0,0,0,0,,Tania
P9235276,91,2,Playa Pelonas,,arana,,,9,2023,set-23,369.289,5,0,0,1,0,,Tania
P9235277,91,3,Playa Pelonas,,arana,,,9,2023,set-23,607.001,7,0,0,0,1,,Tania
P9235278,91,4,Playa Pelonas,,arana,,,9,2023,set-23,437.563,7,0,0,1,1,,Tania
P9235279,91,5,Playa Pelonas,,arana,,,9,2023,set-23,156.141,3,0,0,0,0,,Tania
P9235280,91,6,Playa Pelonas,,arana,,,9,2023,set-23,256.806,2,0,0,2,0,,Tania
P9235282,91,7,Playa Pelonas,,arana,,,9,2023,set-23,1380.999,10,1,0,0,0,,Tania
P9235291,92,1,Playa Pelonas,,arana,,,9,2023,set-23,590.705,8,0,0,0,0,,Tania
P9235292,92,2,Playa Pelonas,,arana,,,9,2023,set-23,1051.294,5,0,0,0,0,,Tania
P9235293,92,3,Playa Pelonas,,arana,,,9,2023,set-23,813.697,6,0,0,0,0,,Tania
P9235294,92,4,Playa Pelonas,,arana,,,9,2023,set-23,568.473,4,0,0,0,1,,Tania
P9235295,92,5,Playa Pelonas,,arana,,,9,2023,set-23,557.817,5,0,0,0,0,,Tania
P9235296,92,6,Playa Pelonas,,arana,,,9,2023,set-23,707.298,4,0,0,0,0,No estoy segura del número de fragmentos,Tania
P9235298,92,7,Playa Pelonas,,arana,,,9,2023,set-23,1833.838,10,0,0,0,0,,Tania
P9235267,93,1,Playa Pelonas,,arana,,,9,2023,set-23,345.045,7,1,1,0,0,,Tania
P9235268,93,2,Playa Pelonas,,arana,,,9,2023,set-23,640.762,8,0,0,0,0,,Tania
P9235269,93,3,Playa Pelonas,,arana,,,9,2023,set-23,415.650,8,0,0,0,0,,Tania
P9235270,93,4,Playa Pelonas,,arana,,,9,2023,set-23,647.993,5,0,0,0,0,,Tania
P9235271,93,5,Playa Pelonas,,arana,,,9,2023,set-23,498.011,3,0,0,0,0,,Tania
P9235272,93,6,Playa Pelonas,,arana,,,9,2023,set-23,264.976,3,0,1,0,0,,Tania
P9235273,93,7,Playa Pelonas,,arana,,,9,2023,set-23,1246.468,15,0,1,1,0,,Tania
P9235310,94,1,Playa Pelonas,,arana,,,9,2023,set-23,169.976,3,0,0,1,0,,Tania
P9235311,94,2,Playa Pelonas,,arana,,,9,2023,set-23,435.564,7,0,0,0,0,,Tania
P9235312,94,3,Playa Pelonas,,arana,,,9,2023,set-23,253.296,3,0,0,0,0,,Tania
P9235313,94,4,Playa Pelonas,,arana,,,9,2023,set-23,213.040,3,0,0,0,0,,Tania
P9235314,94,5,Playa Pelonas,,arana,,,9,2023,set-23,103.383,4,1,0,0,0,,Tania
P9235315,94,6,Playa Pelonas,,arana,,,9,2023,set-23,131.108,4,0,0,1,0,,Tania
P9235316,94,7,Playa Pelonas,,arana,,,9,2023,set-23,889.818,10,0,0,0,0,,Tania
PA200208,91,1,Playa Pelonas,,arana,,,10,2023,oct-24,365.422,4,0,0,1,0,,Tania
PA200209,91,2,Playa Pelonas,,arana,,,10,2023,oct-24,293.536,4,0,0,1,0,,Tania
PA200210,91,3,Playa Pelonas,,arana,,,10,2023,oct-24,307.542,7,5,0,0,0,,Tania
PA200211,91,4,Playa Pelonas,,arana,,,10,2023,oct-24,263.022,8,2,0,0,2,,Tania
PA200212,91,5,Playa Pelonas,,arana,,,10,2023,oct-24,307.923,7,1,0,0,0,,Tania
PA200213,91,6,Playa Pelonas,,arana,,,10,2023,oct-24,237.298,4,0,0,2,0,,Tania
PA200214,91,7,Playa Pelonas,,arana,,,10,2023,oct-24,608.487,9,4,0,0,2,,Tania
PA200228,92,1,Playa Pelonas,,arana,,,10,2023,oct-24,1120.414,10,1,0,0,1,,Tania
PA200229,92,2,Playa Pelonas,,arana,,,10,2023,oct-24,1033.863,10,0,0,0,2,,Tania
PA200230,92,3,Playa Pelonas,,arana,,,10,2023,oct-24,770.380,7,0,0,0,0,,Tania
PA200231,92,4,Playa Pelonas,,arana,,,10,2023,oct-24,1462.949,9,0,0,0,0,,Tania
PA200232,92,5,Playa Pelonas,,arana,,,10,2023,oct-24,855.371,7,0,0,0,2,,Tania
PA200233,92,6,Playa Pelonas,,arana,,,10,2023,oct-24,1096.649,9,0,0,0,0,,Tania
PA200234,92,7,Playa Pelonas,,arana,,,10,2023,oct-24,1522.747,18,1,0,0,1,,Tania
PA200216,93,1,Playa Pelonas,,arana,,,10,2023,oct-24,277.918,5,0,1,0,1,,Tania
PA200217,93,2,Playa Pelonas,,arana,,,10,2023,oct-24,412.352,7,0,1,0,2,,Tania
PA200218,93,3,Playa Pelonas,,arana,,,10,2023,oct-24,265.772,9,0,0,0,1,,Tania
PA200219,93,4,Playa Pelonas,,arana,,,10,2023,oct-24,481.225,7,1,0,0,0,,Tania
PA200220,93,5,Playa Pelonas,,arana,,,10,2023,oct-24,367.525,7,1,0,0,0,,Tania
PA200221,93,6,Playa Pelonas,,arana,,,10,2023,oct-24,260.402,4,0,1,0,1,,Tania
PA200222,93,7,Playa Pelonas,,arana,,,10,2023,oct-24,1178.936,13,1,0,0,1,,Tania
NA,94,1,Playa Pelonas,,arana,,,10,2023,oct-24,NA,NA,NA,NA,NA,NA,No hay carpeta,Tania
NA,94,2,Playa Pelonas,,arana,,,10,2023,oct-24,NA,NA,NA,NA,NA,NA,No hay carpeta,Tania
NA,94,3,Playa Pelonas,,arana,,,10,2023,oct-24,NA,NA,NA,NA,NA,NA,No hay carpeta,Tania
NA,94,4,Playa Pelonas,,arana,,,10,2023,oct-24,NA,NA,NA,NA,NA,NA,No hay carpeta,Tania
NA,94,5,Playa Pelonas,,arana,,,10,2023,oct-24,NA,NA,NA,NA,NA,NA,No hay carpeta,Tania
NA,94,6,Playa Pelonas,,arana,,,10,2023,oct-24,NA,NA,NA,NA,NA,NA,No hay carpeta,Tania
NA,94,7,Playa Pelonas,,arana,,,10,2023,oct-24,NA,NA,NA,NA,NA,NA,No hay carpeta,Tania
DSCN1736,91,1,Playa Pelonas,,arana,,,11,2023,nov-24,299.670,4,0,0,0,0,,Tania
DSCN1737,91,2,Playa Pelonas,,arana,,,11,2023,nov-24,167.740,3,0,0,0,0,,Tania
DSCN1738,91,3,Playa Pelonas,,arana,,,11,2023,nov-24,292.006,5,3,0,0,0,,Tania
DSCN1739,91,4,Playa Pelonas,,arana,,,11,2023,nov-24,345.162,5,1,0,0,2,,Tania
DSCN1740,91,5,Playa Pelonas,,arana,,,11,2023,nov-24,355.621,7,2,0,0,0,,Tania
DSCN1741,91,6,Playa Pelonas,,arana,,,11,2023,nov-24,248.569,3,0,0,0,0,,Tania
DSCN1742,91,7,Playa Pelonas,,arana,,,11,2023,nov-24,313.957,5,0,2,1,1,,Tania
DSCN1720,92,1,Playa Pelonas,,arana,,,11,2023,nov-24,862.679,9,1,1,0,1,,Tania
DSCN1721,92,2,Playa Pelonas,,arana,,,11,2023,nov-24,504.748,6,0,0,0,3,,Tania
DSCN1722,92,3,Playa Pelonas,,arana,,,11,2023,nov-24,726.423,6,0,1,0,0,,Tania
DSCN1723,92,4,Playa Pelonas,,arana,,,11,2023,nov-24,670.311,8,0,2,0,2,,Tania
DSCN1724,92,5,Playa Pelonas,,arana,,,11,2023,nov-24,621.418,6,0,0,0,2,,Tania
DSCN1725,92,6,Playa Pelonas,,arana,,,11,2023,nov-24,429.097,8,0,0,0,0,,Tania
DSCN1726,92,7,Playa Pelonas,,arana,,,11,2023,nov-24,1688.146,16,2,0,0,9,,Tania
DSCN1744,93,1,Playa Pelonas,,arana,,,11,2023,nov-24,194.342,5,1,0,0,2,,Tania
DSCN1745,93,2,Playa Pelonas,,arana,,,11,2023,nov-24,347.213,6,0,1,0,4,,Tania
DSCN1746,93,3,Playa Pelonas,,arana,,,11,2023,nov-24,304.672,6,0,0,1,0,,Tania
DSCN1747,93,4,Playa Pelonas,,arana,,,11,2023,nov-24,369.816,6,1,0,0,3,,Tania
DSCN1748,93,5,Playa Pelonas,,arana,,,11,2023,nov-24,552.483,6,1,0,0,1,,Tania
DSCN1749,93,6,Playa Pelonas,,arana,,,11,2023,nov-24,270.265,3,1,0,0,1,,Tania
DSCN1750,93,7,Playa Pelonas,,arana,,,11,2023,nov-24,1244.461,15,2,1,0,4,,Tania
NA,94,1,Playa Pelonas,,arana,,,11,2023,nov-24,NA,NA,NA,NA,NA,NA,No hay carpeta,Tania
NA,94,2,Playa Pelonas,,arana,,,11,2023,nov-24,NA,NA,NA,NA,NA,NA,No hay carpeta,Tania
NA,94,3,Playa Pelonas,,arana,,,11,2023,nov-24,NA,NA,NA,NA,NA,NA,No hay carpeta,Tania
NA,94,4,Playa Pelonas,,arana,,,11,2023,nov-24,NA,NA,NA,NA,NA,NA,No hay carpeta,Tania
NA,94,5,Playa Pelonas,,arana,,,11,2023,nov-24,NA,NA,NA,NA,NA,NA,No hay carpeta,Tania
NA,94,6,Playa Pelonas,,arana,,,11,2023,nov-24,NA,NA,NA,NA,NA,NA,No hay carpeta,Tania
NA,94,7,Playa Pelonas,,arana,,,11,2023,nov-24,NA,NA,NA,NA,NA,NA,No hay carpeta,Tania
DSCN8439,117,1,Playa Pelonas,,arana,,,1,2024,ene-24,709.900,10,1,1,1,0,,Emma
DSCN8440,117,2,Playa Pelonas,,arana,,,1,2024,ene-24,487.820,12,1,1,1,0,,Emma
DSCN8441,117,3,Playa Pelonas,,arana,,,1,2024,ene-24,371.420,7,0,1,0,0,,Emma
DSCN8442,117,4,Playa Pelonas,,arana,,,1,2024,ene-24,1043.600,13,0,1,0,0,,Emma
DSCN8443,117,5,Playa Pelonas,,arana,,,1,2024,ene-24,657.610,10,1,1,0,0,,Emma
DSCN8444,117,6,Playa Pelonas,,arana,,,1,2024,ene-24,753.220,9,0,1,0,0,,Emma
DSCN8445,117,7,Playa Pelonas,,arana,,,1,2024,ene-24,2223.300,29,0,1,0,0,,Emma
DSCN8420,119,1,Playa Pelonas,,arana,,,1,2024,ene-24,566.260,7,0,1,0,0,,Emma
DSCN8421,119,2,Playa Pelonas,,arana,,,1,2024,ene-24,508.250,8,1,0,0,0,,Emma
DSCN8422,119,3,Playa Pelonas,,arana,,,1,2024,ene-24,624.960,8,1,0,0,0,,Emma
DSCN8423,119,4,Playa Pelonas,,arana,,,1,2024,ene-24,829.980,6,0,1,0,0,,Emma
DSCN8424,119,5,Playa Pelonas,,arana,,,1,2024,ene-24,479.140,8,2,1,0,0,,Emma
DSCN8425,119,6,Playa Pelonas,,arana,,,1,2024,ene-24,623.870,10,0,1,0,0,,Emma
DSCN8426,119,7,Playa Pelonas,,arana,,,1,2024,ene-24,1824.010,24,1,1,0,0,,Emma
DSCN1704,117,1,Playa Pelonas,,arana,,,11,2023,nov-24,1759.540,12,0,1,0,0,,Emma
DSCN1705,117,2,Playa Pelonas,,arana,,,11,2023,nov-24,625.140,12,2,0,1,1,,Emma
DSCN1706,117,3,Playa Pelonas,,arana,,,11,2023,nov-24,412.740,7,0,1,1,1,,Emma
DSCN1707,117,4,Playa Pelonas,,arana,,,11,2023,nov-24,869.540,14,2,3,0,1,,Emma
DSCN1708,117,5,Playa Pelonas,,arana,,,11,2023,nov-24,698.540,11,0,3,0,1,,Emma
DSCN1709,117,6,Playa Pelonas,,arana,,,11,2023,nov-24,713.710,10,0,3,1,3,,Emma
DSCN1710,117,7,Playa Pelonas,,arana,,,11,2023,nov-24,1903.860,29,1,2,0,5,,Emma
DSCN1728,119,1,Playa Pelonas,,arana,,,11,2023,nov-24,477.210,7,0,0,0,4,,Emma
DSCN1729,119,2,Playa Pelonas,,arana,,,11,2023,nov-24,439.270,8,1,0,0,4,,Emma
DSCN1730,119,3,Playa Pelonas,,arana,,,11,2023,nov-24,623.150,8,0,0,0,3,,Emma
DSCN1731,119,4,Playa Pelonas,,arana,,,11,2023,nov-24,790.220,6,0,0,0,1,,Emma
DSCN1732,119,5,Playa Pelonas,,arana,,,11,2023,nov-24,443.010,8,1,1,0,2,,Emma
DSCN1733,119,6,Playa Pelonas,,arana,,,11,2023,nov-24,547.620,8,0,0,0,3,,Emma
DSCN1734,119,7,Playa Pelonas,,arana,,,11,2023,nov-24,2188.220,25,0,1,0,6,,Emma
PA200243,117,1,Playa Pelonas,,arana,,,10,2023,oct-24,1644.360,12,0,1,0,3,,Emma
PA200244,117,2,Playa Pelonas,,arana,,,10,2023,oct-24,509.390,12,1,2,1,1,,Emma
PA200245,117,3,Playa Pelonas,,arana,,,10,2023,oct-24,470.630,7,0,0,1,0,,Emma
PA200246,117,4,Playa Pelonas,,arana,,,10,2023,oct-24,1165.770,14,0,3,0,2,,Emma
PA200247,117,5,Playa Pelonas,,arana,,,10,2023,oct-24,637.320,11,0,2,0,1,,Emma
PA200248,117,6,Playa Pelonas,,arana,,,10,2023,oct-24,661.870,10,0,0,0,0,,Emma
PA200249,117,7,Playa Pelonas,,arana,,,10,2023,oct-24,1800.420,30,0,1,0,5,,Emma
PA200259,119,1,Playa Pelonas,,arana,,,10,2023,oct-24,615.990,7,0,0,0,3,,Emma
PA200260,119,2,Playa Pelonas,,arana,,,10,2023,oct-24,525.460,8,0,1,0,1,,Emma
PA200261,119,3,Playa Pelonas,,arana,,,10,2023,oct-24,691.500,8,0,1,0,0,,Emma
PA200262,119,4,Playa Pelonas,,arana,,,10,2023,oct-24,649.530,7,0,0,0,1,,Emma
PA200263,119,5,Playa Pelonas,,arana,,,10,2023,oct-24,525.180,8,1,1,0,0,,Emma
PA200264,119,6,Playa Pelonas,,arana,,,10,2023,oct-24,630.670,8,0,0,0,2,,Emma
PA200265,119,7,Playa Pelonas,,arana,,,10,2023,oct-24,1660.140,25,0,1,0,3,,Emma
P9235283,119,1,Playa Pelonas,,arana,,,9,2023,sep-24,520.640,7,0,0,0,0,,Emma
P9235284,119,2,Playa Pelonas,,arana,,,9,2023,sep-24,569.950,8,0,0,0,0,,Emma
P9235285,119,3,Playa Pelonas,,arana,,,9,2023,sep-24,655.310,8,0,1,0,0,,Emma
P9235286,119,4,Playa Pelonas,,arana,,,9,2023,sep-24,717.680,7,0,0,0,0,,Emma
P9235287,119,5,Playa Pelonas,,arana,,,9,2023,sep-24,560.310,8,1,1,0,0,,Emma
P9235288,119,6,Playa Pelonas,,arana,,,9,2023,sep-24,553.660,8,0,0,0,0,,Emma
P9235289,119,7,Playa Pelonas,,arana,,,9,2023,sep-24,1367.050,25,0,0,0,0,,Emma
DSCN9396,119,1,Playa Pelonas,,arana,,,8,2023,ago-24,501.820,7,0,0,0,0,,Emma
DSCN9397,119,2,Playa Pelonas,,arana,,,8,2023,ago-24,504.760,8,0,0,0,0,,Emma
DSCN9398,119,3,Playa Pelonas,,arana,,,8,2023,ago-24,627.570,8,0,1,0,0,,Emma
DSCN9399,119,4,Playa Pelonas,,arana,,,8,2023,ago-24,652.050,7,0,0,0,0,,Emma
DSCN9400,119,5,Playa Pelonas,,arana,,,8,2023,ago-24,497.020,8,1,1,0,0,,Emma
DSCN9401,119,6,Playa Pelonas,,arana,,,8,2023,ago-24,524.300,8,0,0,0,0,,Emma
DSCN9402,119,7,Playa Pelonas,,arana,,,8,2023,ago-24,1464.410,25,0,1,0,0,,Emma
DSCN8400,119,1,Playa Pelonas,,arana,,,7,2023,jul-24,417.330,6,0,0,0,0,,Emma
DSCN8401,119,2,Playa Pelonas,,arana,,,7,2023,jul-24,435.960,7,0,0,0,0,"un coral en segundo plano podría haber sido contado en el mes siguiente, ya que se mezclaba con los corales en la barra inferior.",Emma
DSCN8402,119,3,Playa Pelonas,,arana,,,7,2023,jul-24,559.820,7,0,1,0,0,,Emma
DSCN8403,119,4,Playa Pelonas,,arana,,,7,2023,jul-24,623.420,7,0,0,0,0,,Emma
DSCN8404,119,5,Playa Pelonas,,arana,,,7,2023,jul-24,446.140,7,1,1,0,0,,Emma
DSCN8405,119,6,Playa Pelonas,,arana,,,7,2023,jul-24,495.830,7,0,0,0,0,,Emma
DSCN8406,119,7,Playa Pelonas,,arana,,,7,2023,jul-24,1368.820,25,0,1,0,0,,Emma
DSCN5161,119,1,Playa Pelonas,,arana,,,6,2023,jun-24,336.290,5,0,0,0,0,,Emma
DSCN5162,119,2,Playa Pelonas,,arana,,,6,2023,jun-24,442.320,7,0,0,0,0,,Emma
DSCN5163,119,3,Playa Pelonas,,arana,,,6,2023,jun-24,537.150,7,0,1,0,0,,Emma
DSCN5164,119,4,Playa Pelonas,,arana,,,6,2023,jun-24,596.190,7,0,0,0,0,,Emma
DSCN5165,119,5,Playa Pelonas,,arana,,,6,2023,jun-24,482.790,7,1,1,0,0,,Emma
DSCN5167,119,6,Playa Pelonas,,arana,,,6,2023,jun-24,433.300,7,0,0,0,0,,Emma
DSCN5168,119,7,Playa Pelonas,,arana,,,6,2023,jun-24,1469.110,25,0,1,0,0,,Emma
P5240126,119,1,Playa Pelonas,,arana,,,5,2023,may-24,357.650,5,0,0,0,0,,Emma
P5240127,119,2,Playa Pelonas,,arana,,,5,2023,may-24,341.660,7,0,0,0,0,,Emma
P5240128,119,3,Playa Pelonas,,arana,,,5,2023,may-24,409.850,7,0,1,0,0,,Emma
P5240129,119,4,Playa Pelonas,,arana,,,5,2023,may-24,434.930,7,0,0,0,0,,Emma
P5240130,119,5,Playa Pelonas,,arana,,,5,2023,may-24,353.120,7,1,1,0,0,,Emma
P5240131,119,6,Playa Pelonas,,arana,,,5,2023,may-24,384.620,7,0,0,0,0,,Emma
P5240132,119,7,Playa Pelonas,,arana,,,5,2023,may-24,1298.990,25,0,0,0,0,,Emma
DSCN3307,119,1,Playa Pelonas,,arana,,,4,2023,abr-24,339.340,5,0,0,0,0,,Emma
DSCN3308,119,2,Playa Pelonas,,arana,,,4,2023,abr-24,409.260,8,1,0,0,0,,Emma
DSCN3309,119,3,Playa Pelonas,,arana,,,4,2023,abr-24,365.110,7,0,1,0,0,,Emma
DSCN3310,119,4,Playa Pelonas,,arana,,,4,2023,abr-24,413.590,7,0,0,0,0,,Emma
DSCN3311,119,5,Playa Pelonas,,arana,,,4,2023,abr-24,415.890,7,1,1,0,0,,Emma
DSCN3312,119,6,Playa Pelonas,,arana,,,4,2023,abr-24,369.970,7,0,0,0,0,,Emma
DSCN3313,119,7,Playa Pelonas,,arana,,,4,2023,abr-24,1143.320,25,0,0,0,0,,Emma
DSCN9418,117,NA,Playa Pelonas,,arana,,,2,2024,feb-24,NA,NA,NA,NA,NA,NA,Etiqueta arana,Emma
DSCN9419,117,1,Playa Pelonas,,arana,,,2,2024,feb-24,755.890,11,0,1,0,0,Side,Emma
DSCN9420,117,2,Playa Pelonas,,arana,,,2,2024,feb-24,527.410,9,0,0,1,0,Side,Emma
DSCN9421,117,3,Playa Pelonas,,arana,,,2,2024,feb-24,930.450,9,0,0,0,0,Side,Emma
DSCN9422,117,4,Playa Pelonas,,arana,,,2,2024,feb-24,823.730,12,1,2,0,0,Side,Emma
DSCN9423,117,5,Playa Pelonas,,arana,,,2,2024,feb-24,611.610,8,0,1,0,0,Side,Emma
DSCN9424,117,6,Playa Pelonas,,arana,,,2,2024,feb-24,723.950,8,0,0,0,0,Side,Emma
DSCN9425,117,7,Playa Pelonas,,arana,,,2,2024,feb-24,1313.990,28,0,0,0,0,Top,Emma
DSCN9397,119,NA,Playa Pelonas,,arana,,,2,2024,feb-24,NA,NA,NA,NA,NA,NA,Etiqueta arana,Emma
DSCN9398,119,1,Playa Pelonas,,arana,,,2,2024,feb-24,564.320,5,0,0,0,0,Side,Emma
DSCN9399,119,2,Playa Pelonas,,arana,,,2,2024,feb-24,509.410,8,0,0,0,0,Side,Emma
DSCN9400,119,3,Playa Pelonas,,arana,,,2,2024,feb-24,833.790,9,0,1,0,0,Side,Emma
DSCN9401,119,4,Playa Pelonas,,arana,,,2,2024,feb-24,774.660,5,0,0,0,0,Side,Emma
DSCN9402,119,5,Playa Pelonas,,arana,,,2,2024,feb-24,487.260,8,0,2,0,0,Side,Emma
DSCN9403,119,6,Playa Pelonas,,arana,,,2,2024,feb-24,605.360,8,0,0,0,0,Side,Emma
DSCN9404,119,7,Playa Pelonas,,arana,,,2,2024,feb-24,2004.160,24,0,1,0,0,Top,Emma
DSCN0486,117,NA,Playa Pelonas,,arana,,,3,2024,mar-24,NA,NA,NA,NA,NA,NA,Etiqueta arana,Emma
DSCN0487,117,1,Playa Pelonas,,arana,,,3,2024,mar-24,762.530,11,0,1,0,0,Side,Emma
DSCN0488,117,2,Playa Pelonas,,arana,,,3,2024,mar-24,594.680,8,1,0,0,0,Side,Emma
DSCN0489,117,3,Playa Pelonas,,arana,,,3,2024,mar-24,571.550,6,0,0,0,0,Side,Emma
DSCN0490,117,4,Playa Pelonas,,arana,,,3,2024,mar-24,1153.460,12,0,2,0,0,Side,Emma
DSCN0491,117,5,Playa Pelonas,,arana,,,3,2024,mar-24,835.070,10,0,1,0,0,Side,Emma
DSCN0492,117,6,Playa Pelonas,,arana,,,3,2024,mar-24,658.310,6,0,0,0,0,Side,Emma
DSCN0493,117,7,Playa Pelonas,,arana,,,3,2024,mar-24,2249.020,27,0,0,0,0,Top,Emma
DSCN0507,119,NA,Playa Pelonas,,arana,,,3,2024,mar-24,NA,NA,NA,NA,NA,NA,Etiqueta arana,Emma
DSCN0508,119,1,Playa Pelonas,,arana,,,3,2024,mar-24,3177.330,6,0,1,0,0,Side,Emma
DSCN0509,119,2,Playa Pelonas,,arana,,,3,2024,mar-24,739.780,8,0,0,0,0,Side,Emma
DSCN0510,119,3,Playa Pelonas,,arana,,,3,2024,mar-24,889.950,9,0,1,0,0,Side,Emma
DSCN0511,119,4,Playa Pelonas,,arana,,,3,2024,mar-24,822.000,6,0,0,0,0,Side,Emma
DSCN0512,119,5,Playa Pelonas,,arana,,,3,2024,mar-24,532.660,8,0,2,0,0,Side,Emma
DSCN0513,119,6,Playa Pelonas,,arana,,,3,2024,mar-24,765.900,8,0,0,0,0,Side,Emma
DSCN0515,119,7,Playa Pelonas,,arana,,,3,2024,mar-24,1640.000,23,0,0,0,0,Top,Emma
No Photo,119,NA,Playa Pelonas,,arana,,,4,2024,abr-24,NA,NA,NA,NA,NA,NA,Estos datos de abril se tomaron la primera semana de mayo,Emma
DSCN1452,119,1,Playa Pelonas,,arana,,,4,2024,abr-24,899.110,5,0,0,0,0,Side,Emma
DSCN1453,119,2,Playa Pelonas,,arana,,,4,2024,abr-24,672.010,7,0,0,0,0,Side,Emma
DSCN1454,119,3,Playa Pelonas,,arana,,,4,2024,abr-24,906.770,7,0,0,0,0,Side,Emma
DSCN1455,119,4,Playa Pelonas,,arana,,,4,2024,abr-24,1012.450,6,0,0,0,0,Side,Emma
DSCN1456,119,5,Playa Pelonas,,arana,,,4,2024,abr-24,651.890,7,0,0,0,0,Side,Emma
DSCN1457,119,6,Playa Pelonas,,arana,,,4,2024,abr-24,NA,NA,NA,NA,NA,NA,Solo cinco lados con foto,Emma
DSCN1458,119,7,Playa Pelonas,,arana,,,4,2024,abr-24,2909.150,23,0,0,0,0,Top,Emma
DSCN1433,117,NA,Playa Pelonas,,arana,,,4,2024,abr-24,NA,NA,NA,NA,NA,NA,Etiqueta arana,Emma
DSCN1434,117,1,Playa Pelonas,,arana,,,4,2024,abr-24,672.690,8,0,1,0,0,Side,Emma
DSCN1435,117,2,Playa Pelonas,,arana,,,4,2024,abr-24,552.590,7,0,0,0,0,Side,Emma
DSCN1436,117,3,Playa Pelonas,,arana,,,4,2024,abr-24,1096.870,8,1,0,0,0,Side,Emma
DSCN1437,117,4,Playa Pelonas,,arana,,,4,2024,abr-24,1146.040,11,0,2,0,0,Side,Emma
DSCN1438,117,5,Playa Pelonas,,arana,,,4,2024,abr-24,894.110,12,0,3,0,0,Side,Emma
DSCN1439,117,6,Playa Pelonas,,arana,,,4,2024,abr-24,902.570,10,1,0,0,0,Side,Emma
DSCN1440,117,7,Playa Pelonas,,arana,,,4,2024,abr-24,2222.090,24,0,0,0,0,Top,Emma
P6200146,117,1,Playa Pelonas,,arana,,,6,2024,jun-24,821.020,11,0,0,0,0,Side,Emma
P6200147,117,2,Playa Pelonas,,arana,,,6,2024,jun-24,772.800,7,0,0,0,0,Side,Emma
P6200148,117,3,Playa Pelonas,,arana,,,6,2024,jun-24,1070.050,7,0,0,0,0,Side,Emma
P6200149,117,4,Playa Pelonas,,arana,,,6,2024,jun-24,1538.290,10,0,0,0,0,Side,Emma
P6200150,117,5,Playa Pelonas,,arana,,,6,2024,jun-24,874.650,7,0,1,0,0,Side,Emma
P6200151,117,6,Playa Pelonas,,arana,,,6,2024,jun-24,929.680,9,0,0,0,0,Side,Emma
P6200152,117,7,Playa Pelonas,,arana,,,6,2024,jun-24,2195.995,24,0,0,0,0,Top,Emma
P6200182,119,1,Playa Pelonas,,arana,,,6,2024,jun-24,1632.090,6,0,0,0,0,Side,Emma
P6200183,119,2,Playa Pelonas,,arana,,,6,2024,jun-24,890.280,8,0,0,0,0,Side,Emma
P6200184,119,3,Playa Pelonas,,arana,,,6,2024,jun-24,925.440,8,0,0,0,0,Side,Emma
P6200185,119,4,Playa Pelonas,,arana,,,6,2024,jun-24,862.970,7,0,0,0,0,Side,Emma
P6200186,119,5,Playa Pelonas,,arana,,,6,2024,jun-24,881.470,7,0,0,0,0,Side,Emma
P6200187,119,6,Playa Pelonas,,arana,,,6,2024,jun-24,1253.820,8,0,0,0,0,Side,Emma
P6200188,119,7,Playa Pelonas,,arana,,,6,2024,jun-24,1997.460,23,0,0,0,0,Top,Emma